plot_id,buffer,l_ed,l_shei,l_te,c_area_sd,c_te,p_area,Site,RICHNESS,SHANNON,StudyArea
1,1000,224.6231529,-1,90750,8.683758922,36300,2.557025316,DX Beech Haven,5,0.613758798,Athens
1,1300,223.7635971,-1,152430,9.855258343,60972,2.523,DX Beech Haven,5,0.613758798,Athens
1,500,210.590756,-1,20640,3.619361654,8256,1.719473684,DX Beech Haven,5,0.613758798,Athens
1,800,215.8538033,-1,54570,7.355397988,21828,2.179396552,DX Beech Haven,5,0.613758798,Athens
1,900,221.1111111,-1,71640,8.396281318,28656,2.551181102,DX Beech Haven,5,0.613758798,Athens
1,600,206.25,-1,29700,5.288141871,11880,2.086956522,DX Beech Haven,5,0.613758798,Athens
1,1200,225.4166667,-1,129840,9.505136223,51936,2.56,DX Beech Haven,5,0.613758798,Athens
1,1500,223.4333333,-1,201090,11.55477054,80436,2.670623145,DX Beech Haven,5,0.613758798,Athens
1,700,210.5024898,-1,41850,6.592690627,16740,2.233820225,DX Beech Haven,5,0.613758798,Athens
1,1100,227.6849941,-1,109200,9.261900539,43680,2.63521978,DX Beech Haven,5,0.613758798,Athens
1,1400,224.7658689,-1,174960,10.89347798,69984,2.577516556,DX Beech Haven,5,0.613758798,Athens
2,900,152.8703704,-1,49530,16.87136163,19812,2.7,National Deer Association,7,0.487863894,Athens
2,600,124.5833333,-1,17940,10.11508543,7176,2.149253731,National Deer Association,7,0.487863894,Athens
2,800,150.5939902,-1,38790,14.79451333,15516,2.525294118,National Deer Association,7,0.487863894,Athens
2,700,136.75609,-1,26610,15.02845707,10644,2.236551724,National Deer Association,7,0.487863894,Athens
2,500,109.3285799,-1,11040,11.78944332,4416,2.295,National Deer Association,7,0.487863894,Athens
2,1500,166.7,-1,150030,19.54968625,60012,2.670623145,National Deer Association,7,0.487863894,Athens
2,1000,157.0933213,-1,62520,15.56819861,25008,2.618289474,National Deer Association,7,0.487863894,Athens
2,1300,163.5035196,-1,110100,18.68992793,44040,2.61,National Deer Association,7,0.487863894,Athens
2,1200,159.84375,-1,92070,17.81961796,36828,2.630136986,National Deer Association,7,0.487863894,Athens
2,1100,158.3981242,-1,77010,18.02015349,30804,2.686077348,National Deer Association,7,0.487863894,Athens
2,1400,166.5904065,-1,131070,17.69802756,52428,2.538,National Deer Association,7,0.487863894,Athens
3,900,256.2962963,-1,83040,6.203787507,33216,1.830508475,Westside BottleShop,8,1.745834716,Athens
3,600,237.5,-1,34200,4.508521938,13680,1.617977528,Westside BottleShop,8,1.745834716,Athens
3,1400,256.1375111,-1,199380,9.419093649,79752,2.26941691,Westside BottleShop,8,1.745834716,Athens
3,500,234.4658708,-1,22980,3.734269738,9192,1.53140625,Westside BottleShop,8,1.745834716,Athens
3,1500,255.7333333,-1,230160,9.918447468,92064,2.272727273,Westside BottleShop,8,1.745834716,Athens
3,800,251.9283256,-1,63690,5.540213608,25476,1.708175676,Westside BottleShop,8,1.745834716,Athens
3,700,242.6437302,-1,48240,5.36366266,19296,1.775089286,Westside BottleShop,8,1.745834716,Athens
3,1100,255.0822543,-1,122340,7.811756026,48936,2.103552632,Westside BottleShop,8,1.745834716,Athens
3,1000,254.9936883,-1,103020,6.870816785,41208,1.923857143,Westside BottleShop,8,1.745834716,Athens
3,1300,256.3086273,-1,174600,8.87070648,69840,2.183365385,Westside BottleShop,8,1.745834716,Athens
3,1200,256.1979167,-1,147570,8.434871707,59028,2.125461255,Westside BottleShop,8,1.745834716,Athens
4,1400,242.8797163,-1,189060,12.54346944,75624,2.543823529,Mitchell Bridge Rd,8,1.388541343,Athens
4,1100,250.8287984,-1,120300,10.49824624,48120,2.459538462,Mitchell Bridge Rd,8,1.388541343,Athens
4,900,261.2037037,-1,84630,9.127790379,33852,2.551181102,Mitchell Bridge Rd,8,1.388541343,Athens
4,600,270.8333333,-1,39000,5.586215943,15600,2.360655738,Mitchell Bridge Rd,8,1.388541343,Athens
4,800,264.7442744,-1,66930,8.349420375,26772,2.6334375,Mitchell Bridge Rd,8,1.388541343,Athens
4,700,268.7490569,-1,53430,6.911497638,21372,2.516582278,Mitchell Bridge Rd,8,1.388541343,Athens
4,500,265.0749923,-1,25980,NA,10392,2.648918919,Mitchell Bridge Rd,8,1.388541343,Athens
4,1500,240.9333333,-1,216840,13.2651829,86736,2.564102564,Mitchell Bridge Rd,8,1.388541343,Athens
4,1300,246.7521029,-1,168090,11.80327455,67236,2.450395683,Mitchell Bridge Rd,8,1.388541343,Athens
4,1200,245.46875,-1,141390,11.19769882,56556,2.430379747,Mitchell Bridge Rd,8,1.388541343,Athens
4,1000,257.2213559,-1,103920,9.592220276,41568,2.433795181,Mitchell Bridge Rd,8,1.388541343,Athens
5,900,222.962963,-1,72240,9.0054761,28896,3.085714286,Ben Burton Park,3,0.6697,Athens
5,600,229.5833333,-1,33060,5.389564235,13224,2.322580645,Ben Burton Park,3,0.6697,Athens
5,1400,220.7351483,-1,173670,12.82065961,69468,2.840361011,Ben Burton Park,3,0.6697,Athens
5,1100,218.6844379,-1,106320,11.08658407,42528,2.964512195,Ben Burton Park,3,0.6697,Athens
5,700,228.6463151,-1,44490,6.866464692,17796,2.665479452,Ben Burton Park,3,0.6697,Athens
5,500,234.9970291,-1,23730,4.197514001,9492,2.195217391,Ben Burton Park,3,0.6697,Athens
5,1500,218.8,-1,196920,14.15903221,78768,3,Ben Burton Park,3,0.6697,Athens
5,800,226.2986257,-1,58290,7.905477149,23316,2.711368421,Ben Burton Park,3,0.6697,Athens
5,1200,218.0729167,-1,125610,11.20701008,50244,2.809756098,Ben Burton Park,3,0.6697,Athens
5,1000,221.7699382,-1,88260,10.12314298,35304,2.992330827,Ben Burton Park,3,0.6697,Athens
5,1300,219.6827943,-1,147930,12.14017006,59172,2.80575,Ben Burton Park,3,0.6697,Athens
6,600,120.8333333,-1,17400,NA,6960,3.789473684,Radio Tower,7,1.186295075,Athens
6,1100,145.1931383,-1,70590,12.9538933,28236,3.2412,Radio Tower,7,1.186295075,Athens
6,900,125.1851852,-1,40560,9.584399852,16224,3.52173913,Radio Tower,7,1.186295075,Athens
6,500,129.5306001,-1,13080,NA,5232,3.155625,Radio Tower,7,1.186295075,Athens
6,1400,162.7392664,-1,128040,24.24897413,51216,3.391293103,Radio Tower,7,1.186295075,Athens
6,800,117.9827626,-1,30390,9.225170996,12156,4.441034483,Radio Tower,7,1.186295075,Athens
6,700,123.6509405,-1,24060,8.360542695,9624,4.422272727,Radio Tower,7,1.186295075,Athens
6,1000,137.1928238,-1,54600,11.43465292,21840,3.491052632,Radio Tower,7,1.186295075,Athens
6,1500,166.0666667,-1,149460,24.25636014,59784,3.422053232,Radio Tower,7,1.186295075,Athens
6,1300,155.1724138,-1,104490,23.61638127,41796,3.471030928,Radio Tower,7,1.186295075,Athens
6,1200,151.1979167,-1,87090,19.5193994,34836,3.388235294,Radio Tower,7,1.186295075,Athens
7,900,214.2592593,-1,69420,6.340487095,27768,2.918918919,Firestation #4,7,1.533801042,Athens
7,600,222.5,-1,32040,4.093571631,12816,2.285714286,Firestation #4,7,1.533801042,Athens
7,1400,218.0598913,-1,169740,12.19761234,67896,2.937396226,Firestation #4,7,1.533801042,Athens
7,1100,216.1130919,-1,103650,7.40393584,41460,2.804736842,Firestation #4,7,1.533801042,Athens
7,700,216.8401992,-1,43110,4.948157611,17244,2.548846154,Firestation #4,7,1.533801042,Athens
7,500,235.0780533,-1,23040,NA,9216,1.9602,Firestation #4,7,1.533801042,Athens
7,1500,217.7,-1,195930,13.30010375,78372,2.990033223,Firestation #4,7,1.533801042,Athens
7,800,211.344488,-1,53430,5.811922984,21372,2.747934783,Firestation #4,7,1.533801042,Athens
7,1200,217.0833333,-1,125040,8.978955734,50016,2.823529412,Firestation #4,7,1.533801042,Athens
7,1000,213.9303483,-1,86430,7.095037796,34572,3.037669173,Firestation #4,7,1.533801042,Athens
7,1300,216.8053904,-1,147690,10.02743402,59076,2.791844262,Firestation #4,7,1.533801042,Athens
8,600,262.9166667,-1,37860,8.010168622,15144,3.130434783,Barnes Property,3,0.680664356,Athens
8,1100,268.9685369,-1,129000,9.184157004,51600,2.328203883,Barnes Property,3,0.680664356,Athens
8,900,263.4259259,-1,85350,9.277724024,34140,2.793103448,Barnes Property,3,0.680664356,Athens
8,500,263.2384451,-1,25800,NA,10320,3.379655172,Barnes Property,3,0.680664356,Athens
8,1400,269.7807068,-1,210000,11.62100576,84000,2.126803279,Barnes Property,3,0.680664356,Athens
8,800,262.9642815,-1,66480,8.69345974,26592,3.045903614,Barnes Property,3,0.680664356,Athens
8,700,259.5442885,-1,51600,7.027213444,20640,2.881304348,Barnes Property,3,0.680664356,Athens
8,1000,266.7260711,-1,107760,9.010539389,43104,2.390591716,Barnes Property,3,0.680664356,Athens
8,1500,268.0333333,-1,241230,12.0115347,96492,2.200488998,Barnes Property,3,0.680664356,Athens
8,1300,271.5902585,-1,185010,11.57480797,74004,2.285939597,Barnes Property,3,0.680664356,Athens
8,1200,270.2604167,-1,155670,9.953493248,62268,2.313253012,Barnes Property,3,0.680664356,Athens
9,900,238.7962963,-1,77370,6.874048964,30948,1.732620321,Beech Haven,8,1.08028334,Athens
9,600,224.1666667,-1,32280,5.249447893,12912,1.531914894,Beech Haven,8,1.08028334,Athens
9,1400,229.3525509,-1,180450,11.25298643,72180,2.420861538,Beech Haven,8,1.08028334,Athens
9,1100,238.1216833,-1,115770,8.82584537,46308,2.009008264,Beech Haven,8,1.08028334,Athens
9,700,235.7385137,-1,45870,6.004884331,18348,1.692,Beech Haven,8,1.08028334,Athens
9,500,214.4979204,-1,21660,5.253080813,8664,1.741034483,Beech Haven,8,1.08028334,Athens
9,1500,229.6,-1,206640,11.95296635,82656,2.452316076,Beech Haven,8,1.08028334,Athens
9,800,237.7125553,-1,61230,6.324873985,24492,1.640636943,Beech Haven,8,1.08028334,Athens
9,1200,233.3854167,-1,134430,9.591159174,53772,2.173584906,Beech Haven,8,1.08028334,Athens
9,1000,238.5044475,-1,94920,7.399765933,37968,1.792702703,Beech Haven,8,1.08028334,Athens
9,1300,230.2860198,-1,155070,10.53081131,62028,2.322,Beech Haven,8,1.08028334,Athens
10,600,254.7916667,-1,36690,4.584924001,14676,1.734939759,ACC Library,5,1.026538819,Athens
10,1100,270.2093986,-1,133170,7.8778979,53268,1.70532872,ACC Library,5,1.026538819,Athens
10,900,261.2962963,-1,84660,6.610703374,33864,1.62,ACC Library,5,1.026538819,Athens
10,500,243.0795848,-1,25290,3.78674403,10116,1.793793103,ACC Library,5,1.026538819,Athens
10,1400,273.5400634,-1,217530,9.203840561,87012,1.875566038,ACC Library,5,1.026538819,Athens
10,800,261.3168724,-1,68580,5.805284619,27432,1.580963855,ACC Library,5,1.026538819,Athens
10,700,261.8147448,-1,49860,5.089715771,19944,1.641724138,ACC Library,5,1.026538819,Athens
10,1000,265.4576064,-1,104070,7.270811183,41628,1.6335,ACC Library,5,1.026538819,Athens
10,1500,270.1,-1,243090,9.492503069,97236,1.982378855,ACC Library,5,1.026538819,Athens
10,1300,273.7966468,-1,182250,9.12999981,72900,1.823671233,ACC Library,5,1.026538819,Athens
10,1200,273.2291667,-1,157380,8.770915059,62952,1.794392523,ACC Library,5,1.026538819,Athens
11,1400,239.5714177,-1,188490,10.77185324,75396,2.13798913,Riverhill Dr,7,1.123524402,Athens
11,1100,243.5517709,-1,118410,8.109076522,47364,2.132368421,Riverhill Dr,7,1.123524402,Athens
11,900,242.7777778,-1,78660,7.010951514,31464,2.174496644,Riverhill Dr,7,1.123524402,Athens
11,600,239.7916667,-1,34530,3.695162727,13812,2.769230769,Riverhill Dr,7,1.123524402,Athens
11,700,248.9978415,-1,48450,7.07985071,19380,2.372926829,Riverhill Dr,7,1.123524402,Athens
11,500,224.3018419,-1,22650,NA,9060,2.729189189,Riverhill Dr,7,1.123524402,Athens
11,1500,235.6333333,-1,212070,11.67106541,84828,2.184466019,Riverhill Dr,7,1.123524402,Athens
11,800,247.3794549,-1,63720,6.981606072,25488,2.363119266,Riverhill Dr,7,1.123524402,Athens
11,1200,244.6354167,-1,140910,8.962738349,56364,2.117647059,Riverhill Dr,7,1.123524402,Athens
11,1000,243.1780491,-1,96780,7.137791561,38712,1.9899,Riverhill Dr,7,1.123524402,Athens
11,1300,241.2902076,-1,162480,9.847533841,64992,2.193420195,Riverhill Dr,7,1.123524402,Athens
12,600,233.9583333,-1,33690,6.187823012,13476,2.25,Bear Hollow Zoo,8,1.108436351,Athens
12,800,263.0829477,-1,66510,6.331279837,26604,1.845328467,Bear Hollow Zoo,8,1.108436351,Athens
12,700,250.7922137,-1,49860,6.702354717,19944,2.092736842,Bear Hollow Zoo,8,1.108436351,Athens
12,500,234.1597796,-1,22950,5.782695226,9180,2.130652174,Bear Hollow Zoo,8,1.108436351,Athens
12,900,262.1296296,-1,84930,6.913616005,33972,1.88372093,Bear Hollow Zoo,8,1.108436351,Athens
12,1100,263.0262088,-1,126150,9.534658736,50460,2.150717489,Bear Hollow Zoo,8,1.108436351,Athens
12,1200,259.8958333,-1,149700,10.43357484,59880,2.198473282,Bear Hollow Zoo,8,1.108436351,Athens
12,1000,263.1618029,-1,106320,8.471001279,42528,2.115235602,Bear Hollow Zoo,8,1.108436351,Athens
12,1400,259.8759009,-1,202290,11.06566826,80916,2.150303867,Bear Hollow Zoo,8,1.108436351,Athens
12,1300,259.7877307,-1,176970,10.74354705,70788,2.109009288,Bear Hollow Zoo,8,1.108436351,Athens
12,1500,260.1333333,-1,234120,11.43404662,93648,2.200488998,Bear Hollow Zoo,8,1.108436351,Athens
13,800,273.5255726,-1,69150,6.571622044,27660,2.277567568,Decker Park,4,0.436881535,Athens
13,700,271.3143202,-1,53940,5.829314914,21576,2.285172414,Decker Park,4,0.436881535,Athens
13,500,260.7897153,-1,25560,5.192702062,12780,2.085319149,Decker Park,4,0.436881535,Athens
13,1500,265,-1,238500,10.6724943,95400,2.301790281,Decker Park,4,0.436881535,Athens
13,1400,265.656916,-1,206790,9.89271087,82716,2.282727273,Decker Park,4,0.436881535,Athens
13,600,265.4166667,-1,38220,4.475825131,15288,2.086956522,Decker Park,4,0.436881535,Athens
13,900,269.6296296,-1,87360,7.522817055,34944,2.511627907,Decker Park,4,0.436881535,Athens
13,1300,266.2615053,-1,181380,9.720783843,72552,2.373554007,Decker Park,4,0.436881535,Athens
13,1200,264.5833333,-1,152400,9.051208743,60960,2.515283843,Decker Park,4,0.436881535,Athens
13,1100,264.027022,-1,126630,8.532816009,50652,2.524263158,Decker Park,4,0.436881535,Athens
13,1000,266.3547932,-1,107610,7.906740383,43044,2.478588957,Decker Park,4,0.436881535,Athens
14,1300,238.2525212,-1,162300,9.431451595,64920,2.218925081,Lake Herrick,8,1.764207717,Athens
14,500,224.6709519,-1,22020,3.744975547,8808,1.580806452,Lake Herrick,8,1.764207717,Athens
14,800,233.1790673,-1,58950,5.480631269,23580,1.708175676,Lake Herrick,8,1.764207717,Athens
14,1000,238.7317146,-1,96450,7.489089638,38580,1.933062201,Lake Herrick,8,1.764207717,Athens
14,1200,240.9895833,-1,138810,8.574521801,55524,2.102189781,Lake Herrick,8,1.764207717,Athens
14,1500,231.9333333,-1,208740,10.91597546,83496,2.362204724,Lake Herrick,8,1.764207717,Athens
14,700,225.8940697,-1,44910,5.363518507,17964,1.684830508,Lake Herrick,8,1.764207717,Athens
14,900,239.2592593,-1,77520,7.091998364,31008,1.905882353,Lake Herrick,8,1.764207717,Athens
14,1100,238.8190405,-1,114540,7.980877348,45816,2.006736402,Lake Herrick,8,1.764207717,Athens
14,1400,235.7497977,-1,183510,10.0131388,73404,2.330568862,Lake Herrick,8,1.764207717,Athens
14,600,220.8333333,-1,31800,4.80332913,12720,1.734939759,Lake Herrick,8,1.764207717,Athens
15,900,208.1481481,-1,67440,9.86086176,26976,2.612903226,Rivers Crossing,2,0.680082905,Athens
15,800,203.8201724,-1,52500,9.555212686,21000,2.476730769,Rivers Crossing,2,0.680082905,Athens
15,700,203.052729,-1,39510,NA,15804,2.494615385,Rivers Crossing,2,0.680082905,Athens
15,600,205.8333333,-1,29640,7.313700893,11856,2.215384615,Rivers Crossing,2,0.680082905,Athens
15,1000,213.6288256,-1,85020,9.320292187,34008,2.534904459,Rivers Crossing,2,0.680082905,Athens
15,1300,220.8411298,-1,148710,9.277638584,59484,2.726234818,Rivers Crossing,2,0.680082905,Athens
15,500,203.8027332,-1,20580,NA,8232,2.10375,Rivers Crossing,2,0.680082905,Athens
15,1500,222.6666667,-1,200400,9.226306538,80160,2.601156069,Rivers Crossing,2,0.680082905,Athens
15,1400,222.9848242,-1,175440,9.135257884,70176,2.596633663,Rivers Crossing,2,0.680082905,Athens
15,1200,218.3854167,-1,125790,9.195108381,50316,2.642201835,Rivers Crossing,2,0.680082905,Athens
15,1100,216.1545107,-1,105090,9.686745028,42036,2.701,Rivers Crossing,2,0.680082905,Athens
16,1500,250.8,-1,225720,10.11974835,90288,2.586206897,College of Vet Med,4,0.585572113,Athens
16,600,238.9583333,-1,34410,6.34666097,17205,2.149253731,College of Vet Med,4,0.585572113,Athens
16,500,224.896019,-1,22710,5.42505486,11355,2.462926829,College of Vet Med,4,0.585572113,Athens
16,900,251.2037037,-1,81390,7.528229528,32556,2.417910448,College of Vet Med,4,0.585572113,Athens
16,700,246.9935245,-1,48060,NA,19224,2.344337349,College of Vet Med,4,0.585572113,Athens
16,800,248.427673,-1,63990,6.549585102,25596,2.341636364,College of Vet Med,4,0.585572113,Athens
16,1000,252.0729685,-1,100320,8.014769253,40128,2.503018868,College of Vet Med,4,0.585572113,Athens
16,1400,255.3954091,-1,200940,9.447476877,80376,2.4586875,College of Vet Med,4,0.585572113,Athens
16,1200,255.2083333,-1,147000,8.338846016,58800,2.267716535,College of Vet Med,4,0.585572113,Athens
16,1100,251.6351968,-1,122340,8.021765925,48936,2.455454545,College of Vet Med,4,0.585572113,Athens
16,1300,255.9030562,-1,172320,8.702312766,68928,2.267272727,College of Vet Med,4,0.585572113,Athens
17,600,280.2083333,-1,40350,5.868122576,16140,1.82278481,Cedar Shoals H.S.,7,0.84382112,Athens
17,900,279.8148148,-1,90660,9.475831144,36264,1.917159763,Cedar Shoals H.S.,7,0.84382112,Athens
17,700,283.0843519,-1,56280,7.95066823,22512,1.858037383,Cedar Shoals H.S.,7,0.84382112,Athens
17,1100,274.4730093,-1,131640,11.36256615,52656,1.998375,Cedar Shoals H.S.,7,0.84382112,Athens
17,1500,269.9333333,-1,242940,12.64155332,97176,2.184466019,Cedar Shoals H.S.,7,0.84382112,Athens
17,1400,273.2493159,-1,212700,12.27150222,85080,2.168272981,Cedar Shoals H.S.,7,0.84382112,Athens
17,1200,276.5625,-1,159300,12.28001203,63720,2.079422383,Cedar Shoals H.S.,7,0.84382112,Athens
17,1300,274.0564584,-1,186690,12.27967398,74676,2.135454545,Cedar Shoals H.S.,7,0.84382112,Athens
17,1000,275.7109973,-1,111390,11.20742081,44556,1.980441176,Cedar Shoals H.S.,7,0.84382112,Athens
17,800,284.5615284,-1,71940,6.989412881,28776,1.708175676,Cedar Shoals H.S.,7,0.84382112,Athens
17,500,267.5237221,-1,26220,5.582132703,10488,1.719473684,Cedar Shoals H.S.,7,0.84382112,Athens
18,700,131.8223867,-1,25650,13.8850724,12825,3.297966102,Southeast Park,9,1.163538454,Athens
18,600,122.5,-1,17640,NA,8820,3.130434783,Southeast Park,9,1.163538454,Athens
18,1500,169.6333333,-1,152670,16.56706946,61068,3.040540541,Southeast Park,9,1.163538454,Athens
18,900,156.8518519,-1,50820,11.81770854,20328,3.306122449,Southeast Park,9,1.163538454,Athens
18,1200,162.96875,-1,93870,12.82489169,37548,2.894472362,Southeast Park,9,1.163538454,Athens
18,1100,160.0641738,-1,77820,12.29642792,31128,3.001111111,Southeast Park,9,1.163538454,Athens
18,500,100.4159239,-1,10140,NA,5070,3.257419355,Southeast Park,9,1.163538454,Athens
18,1400,166.8954473,-1,131310,15.12852198,52524,2.968981132,Southeast Park,9,1.163538454,Athens
18,1000,161.1638776,-1,64140,11.01859063,25656,3.061384615,Southeast Park,9,1.163538454,Athens
18,800,144.1882134,-1,37140,12.86404641,14856,3.103373494,Southeast Park,9,1.163538454,Athens
18,1300,165.7310879,-1,111600,14.44105715,44640,2.915064935,Southeast Park,9,1.163538454,Athens
19,600,142.2916667,-1,20490,7.716185841,10245,2.93877551,Landfill South,10,1.644718084,Athens
19,900,131.4814815,-1,42600,29.82666543,21300,3.375,Landfill South,10,1.644718084,Athens
19,700,139.7290485,-1,26610,10.57270013,13305,2.929846154,Landfill South,10,1.644718084,Athens
19,1100,117.0562454,-1,57690,43.49700573,28845,3.4225,Landfill South,10,1.644718084,Athens
19,1500,100.7333333,-1,90660,43.45959174,45330,3.846153846,Landfill South,10,1.644718084,Athens
19,1400,101.6674212,-1,80850,52.09437227,40425,3.936831683,Landfill South,10,1.644718084,Athens
19,1200,110.9375,-1,63900,49.93022757,31950,3.64556962,Landfill South,10,1.644718084,Athens
19,800,137.9743941,-1,36210,21.84532615,18105,3.124285714,Landfill South,10,1.644718084,Athens
19,500,144.4636678,-1,15030,6.982790316,7515,2.89,Landfill South,10,1.644718084,Athens
19,1300,106.228592,-1,70710,51.75219445,35355,3.847630058,Landfill South,10,1.644718084,Athens
19,1000,123.5843281,-1,48450,35.47133122,24225,3.531891892,Landfill South,10,1.644718084,Athens
20,700,76.00986741,-1,14790,14.4860849,7395,3.0403125,Landfill North,10,1.737429597,Athens
20,600,75.20833333,-1,10830,13.75191106,5415,3,Landfill North,10,1.737429597,Athens
20,1500,97.83333333,-1,88050,49.45558425,44025,3.135888502,Landfill North,10,1.737429597,Athens
20,900,82.22222222,-1,26640,29.65824798,13320,3.272727273,Landfill North,10,1.737429597,Athens
20,1200,97.34375,-1,56070,45.65091274,28035,3,Landfill North,10,1.737429597,Athens
20,1100,95.89041096,-1,46620,36.87498042,23310,2.928795181,Landfill North,10,1.737429597,Athens
20,500,84.07605466,-1,8490,11.58591983,4245,2.462926829,Landfill North,10,1.737429597,Athens
20,1400,96.08785175,-1,75600,42.76777902,37800,3.18534413,Landfill North,10,1.737429597,Athens
20,1000,86.98929594,-1,34620,36.09159281,17310,3.18384,Landfill North,10,1.737429597,Athens
20,800,77.4516655,-1,19950,23.84860434,9975,3.21975,Landfill North,10,1.737429597,Athens
20,1300,96.58736523,-1,65040,44.1506496,32520,3.132,Landfill North,10,1.737429597,Athens
21,600,57.08333333,-1,8220,NA,4110,3.2,Dairy Farm,8,1.926369672,Athens
21,900,71.01851852,-1,23010,41.26807096,11505,3.56043956,Dairy Farm,8,1.926369672,Athens
21,700,59.20444033,-1,11520,NA,5760,3.603333333,Dairy Farm,8,1.926369672,Athens
21,1100,95.58188325,-1,46470,32.25161941,23235,3.136645161,Dairy Farm,8,1.926369672,Athens
21,1500,100.6,-1,90540,38.6503318,45270,3.529411765,Dairy Farm,8,1.926369672,Athens
21,1400,103.9045222,-1,81750,33.79186563,40875,3.512410714,Dairy Farm,8,1.926369672,Athens
21,1200,101.3020833,-1,58350,30.37338532,29175,3.2,Dairy Farm,8,1.926369672,Athens
21,800,64.2907058,-1,16560,41.45590505,8280,3.480810811,Dairy Farm,8,1.926369672,Athens
21,500,50.80213904,-1,5130,NA,2565,3.257419355,Dairy Farm,8,1.926369672,Athens
21,1300,106.0322552,-1,71400,28.23593193,35700,3.221913876,Dairy Farm,8,1.926369672,Athens
21,1000,81.48650686,-1,32430,29.67271323,16215,3.18384,Dairy Farm,8,1.926369672,Athens
22,700,173.6834163,-1,34530,NA,13812,2.454444444,Satterfield Park,7,1.479769523,Athens
22,600,161.0416667,-1,23190,8.203403063,11595,2.215384615,Satterfield Park,7,1.479769523,Athens
22,1500,185.1666667,-1,166650,13.0685702,66660,3.32103321,Satterfield Park,7,1.479769523,Athens
22,900,172.5,-1,55890,9.126304018,22356,2.842105263,Satterfield Park,7,1.479769523,Athens
22,1200,178.5416667,-1,102840,10.89472644,41136,3.130434783,Satterfield Park,7,1.479769523,Athens
22,1100,175.2048539,-1,84030,11.16768589,33612,3.330625,Satterfield Park,7,1.479769523,Athens
22,500,142.9445975,-1,14010,6.841322,7005,1.815,Satterfield Park,7,1.479769523,Athens
22,1400,184.2216827,-1,143400,12.45984046,57360,3.326538462,Satterfield Park,7,1.479769523,Athens
22,1000,173.6838197,-1,70170,10.26915695,28068,3.206428571,Satterfield Park,7,1.479769523,Athens
22,800,172.7779756,-1,43680,8.284759364,17472,2.718387097,Satterfield Park,7,1.479769523,Athens
22,1300,184.9209495,-1,125970,11.75973494,50388,3.198169014,Satterfield Park,7,1.479769523,Athens
23,600,159.375,-1,22950,5.059527556,9180,2.618181818,Ben Epps Airport,5,0.90326643,Athens
23,900,165.2777778,-1,53550,7.032491094,21420,2.722689076,Ben Epps Airport,5,0.90326643,Athens
23,700,155.877471,-1,30990,6.004404162,12396,2.881304348,Ben Epps Airport,5,0.90326643,Athens
23,1100,166.7604929,-1,79980,9.789590029,31992,2.837928994,Ben Epps Airport,5,0.90326643,Athens
23,1500,189.6333333,-1,170670,11.41648431,68268,2.884615385,Ben Epps Airport,5,0.90326643,Athens
23,1400,185.7632867,-1,144600,10.56747449,57840,2.780035714,Ben Epps Airport,5,0.90326643,Athens
23,1200,170.5208333,-1,98220,10.44979425,39288,2.953846154,Ben Epps Airport,5,0.90326643,Athens
23,800,157.1140382,-1,39720,6.302071754,15888,2.689468085,Ben Epps Airport,5,0.90326643,Athens
23,500,160.697888,-1,15750,4.560967292,6300,2.45025,Ben Epps Airport,5,0.90326643,Athens
23,1300,178.7994891,-1,121800,10.02091973,48720,2.72484,Ben Epps Airport,5,0.90326643,Athens
23,1000,167.2978392,-1,67590,7.892778871,27036,2.729797297,Ben Epps Airport,5,0.90326643,Athens
24,900,201.0185185,-1,65130,6.763029004,26052,2,North Oconee Water Recl.,8,1.691652802,Athens
24,700,193.4936787,-1,37650,5.506665776,15060,1.801666667,North Oconee Water Recl.,8,1.691652802,Athens
24,600,186.4583333,-1,26850,4.061571455,10740,1.694117647,North Oconee Water Recl.,8,1.691652802,Athens
24,1500,228.5,-1,205650,9.716640819,82260,2.261306533,North Oconee Water Recl.,8,1.691652802,Athens
24,1400,227.0266148,-1,178620,8.959517717,71448,2.267377522,North Oconee Water Recl.,8,1.691652802,Athens
24,1200,220.0520833,-1,126750,8.272576606,50700,2.294820717,North Oconee Water Recl.,8,1.691652802,Athens
24,1100,213.686289,-1,103890,7.23419499,41556,2.170446429,North Oconee Water Recl.,8,1.691652802,Athens
24,1300,222.6677359,-1,149940,8.748565498,59976,2.274932432,North Oconee Water Recl.,8,1.691652802,Athens
24,1000,208.2767978,-1,82890,6.952737743,33156,2.040923077,North Oconee Water Recl.,8,1.691652802,Athens
24,800,198.4626136,-1,51120,6.208786108,20448,1.866521739,North Oconee Water Recl.,8,1.691652802,Athens
24,500,167.2608437,-1,16890,4.437015819,8445,1.836,North Oconee Water Recl.,8,1.691652802,Athens
25,700,274.0304814,-1,54480,5.053954888,21792,1.2425625,Dudley Park,4,0.854142196,Athens
25,600,270.2083333,-1,38910,4.967694722,15564,1.190082645,Dudley Park,4,0.854142196,Athens
25,900,275.0925926,-1,89130,6.602987657,35652,1.378723404,Dudley Park,4,0.854142196,Athens
25,800,277.0855583,-1,70050,5.857836034,28020,1.30314433,Dudley Park,4,0.854142196,Athens
25,1200,270.8854167,-1,156030,9.419758872,62412,1.58677686,Dudley Park,4,0.854142196,Athens
25,1100,271.9084256,-1,130410,8.293354661,52164,1.48947205,Dudley Park,4,0.854142196,Athens
25,1500,268.0333333,-1,241230,11.91929631,96492,1.724137931,Dudley Park,4,0.854142196,Athens
25,1400,268.3932632,-1,208920,10.82964807,83568,1.718344371,Dudley Park,4,0.854142196,Athens
25,500,265.3810836,-1,26010,3.306492384,10404,1.089,Dudley Park,4,0.854142196,Athens
25,1300,268.9479015,-1,183210,10.00969163,73284,1.649418886,Dudley Park,4,0.854142196,Athens
25,1000,272.6665182,-1,110160,7.255925809,44064,1.453273381,Dudley Park,4,0.854142196,Athens
26,500,278.9661319,-1,28170,3.95748579,11268,1.655409836,Ed Halper,4,0.375592084,Athens
26,800,288.3764267,-1,74280,6.433906901,29712,1.62,Ed Halper,4,0.375592084,Athens
26,700,290.7801418,-1,56580,5.798660306,22632,1.752972973,Ed Halper,4,0.375592084,Athens
26,600,289.5833333,-1,41700,4.555042674,16680,1.694117647,Ed Halper,4,0.375592084,Athens
26,900,288.3333333,-1,93420,7.617970008,37368,1.62,Ed Halper,4,0.375592084,Athens
26,1500,276.6333333,-1,248970,13.11253038,99588,1.551724138,Ed Halper,4,0.375592084,Athens
26,1400,276.7482651,-1,217740,12.2734825,87096,1.576713427,Ed Halper,4,0.375592084,Athens
26,1200,282.2395833,-1,162570,10.86143627,65028,1.540106952,Ed Halper,4,0.375592084,Athens
26,1100,283.0433173,-1,137610,9.595975566,55044,1.495938462,Ed Halper,4,0.375592084,Athens
26,1300,278.4460483,-1,187500,11.7543329,75000,1.533895216,Ed Halper,4,0.375592084,Athens
26,1000,285.8435097,-1,113760,9.227236756,45504,1.604758065,Ed Halper,4,0.375592084,Athens
27,500,296.4943553,-1,29940,4.654049968,14970,1.216626506,Warnell School,7,0.547769528,Athens
27,800,279.4083392,-1,71970,5.548282411,28788,1.392324324,Warnell School,7,0.547769528,Athens
27,1200,268.2291667,-1,154500,8.618005118,61800,1.613445378,Warnell School,7,0.547769528,Athens
27,1500,263.9666667,-1,237570,10.77740468,95028,1.764705882,Warnell School,7,0.547769528,Athens
27,700,294.9429541,-1,57390,5.30243927,22956,1.2972,Warnell School,7,0.547769528,Athens
27,1300,264.9469839,-1,178410,8.951259216,71364,1.675074627,Warnell School,7,0.547769528,Athens
27,1000,271.0688979,-1,107880,6.578920072,43152,1.4472,Warnell School,7,0.547769528,Athens
27,1100,270.9490312,-1,131730,8.095513852,52692,1.583648208,Warnell School,7,0.547769528,Athens
27,1400,263.745901,-1,207510,9.502328166,83004,1.681153846,Warnell School,7,0.547769528,Athens
27,600,297.9166667,-1,42900,4.775021397,17160,1.230769231,Warnell School,7,0.547769528,Athens
27,900,272.1296296,-1,88170,5.959323627,35268,1.421052632,Warnell School,7,0.547769528,Athens
1,500,142.3324151,-1,13950,8.397511276,6975,2.513076923,Alta Woods Park,2,0.107509396,Jackson
1,600,138.5416667,-1,19950,13.31883747,9975,3.130434783,Alta Woods Park,2,0.107509396,Jackson
1,700,139.7314018,-1,27780,18.92239148,13890,3.614727273,Alta Woods Park,2,0.107509396,Jackson
1,1300,161.8443652,-1,110250,19.35459384,44100,4.900791367,Alta Woods Park,2,0.107509396,Jackson
1,1500,159.8,-1,143820,18.88265957,57528,4.838709677,Alta Woods Park,2,0.107509396,Jackson
1,900,152.5,-1,49410,NA,19764,4.32,Alta Woods Park,2,0.107509396,Jackson
1,1100,164.0708075,-1,78690,NA,31476,4.9959375,Alta Woods Park,2,0.107509396,Jackson
1,1200,162.8645833,-1,93810,19.474786,37524,4.760330579,Alta Woods Park,2,0.107509396,Jackson
1,800,139.7887742,-1,35340,NA,14136,3.95015625,Alta Woods Park,2,0.107509396,Jackson
1,1000,161.7286701,-1,65340,NA,26136,4.591022727,Alta Woods Park,2,0.107509396,Jackson
1,1400,161.6757236,-1,125850,17.93300349,50340,4.552105263,Alta Woods Park,2,0.107509396,Jackson
2,500,121.5092097,-1,12270,NA,6135,3.883846154,Battlefield Park,2,0.060227918,Jackson
2,600,133.75,-1,19260,NA,9630,3.6,Battlefield Park,2,0.060227918,Jackson
2,1400,179.1733394,-1,140970,NA,56388,5.619857143,Battlefield Park,2,0.060227918,Jackson
2,1500,178.7,-1,160830,NA,64332,5.732484076,Battlefield Park,2,0.060227918,Jackson
2,900,167.5925926,-1,54300,18.37334248,27150,4.438356164,Battlefield Park,2,0.060227918,Jackson
2,1200,174.7916667,-1,100680,NA,40272,5.142857143,Battlefield Park,2,0.060227918,Jackson
2,700,148.3194573,-1,28860,NA,14430,4.324,Battlefield Park,2,0.060227918,Jackson
2,800,159.9114838,-1,41190,18.26521826,20595,4.599642857,Battlefield Park,2,0.060227918,Jackson
2,1000,168.8527062,-1,67200,NA,26880,4.97475,Battlefield Park,2,0.060227918,Jackson
2,1100,170.6775268,-1,82980,NA,33192,5.342637363,Battlefield Park,2,0.060227918,Jackson
2,1300,177.6708545,-1,119640,NA,47856,5.519508197,Battlefield Park,2,0.060227918,Jackson
3,1300,148.5004624,-1,101160,16.64429344,40464,5.046,Boyll Park,4,0.614966013,Jackson
3,1500,151.1666667,-1,136050,18.63260581,54420,5.421686747,Boyll Park,4,0.614966013,Jackson
3,500,168.0440771,-1,16470,8.179090194,8235,4.667142857,Boyll Park,4,0.614966013,Jackson
3,900,138.0555556,-1,44730,16.06959669,17892,4.984615385,Boyll Park,4,0.614966013,Jackson
3,600,147.2916667,-1,21210,10.28619172,10605,5.333333333,Boyll Park,4,0.614966013,Jackson
3,1400,151.2313562,-1,117720,16.79835074,47088,5.087647059,Boyll Park,4,0.614966013,Jackson
3,800,136.7034532,-1,34560,11.60684547,13824,5.0562,Boyll Park,4,0.614966013,Jackson
3,1100,143.1788328,-1,68670,16.52813122,27468,5.213152174,Boyll Park,4,0.614966013,Jackson
3,1200,148.3333333,-1,85440,16.98771008,34176,4.64516129,Boyll Park,4,0.614966013,Jackson
3,700,139.1278105,-1,27660,9.556552551,11064,4.623488372,Boyll Park,4,0.614966013,Jackson
3,1000,147.3973416,-1,59550,13.70258338,23820,4.697790698,Boyll Park,4,0.614966013,Jackson
4,1400,161.1747023,-1,125460,NA,50184,6.081328125,Bright Park,2,0.022467831,Jackson
4,900,166.9444444,-1,54090,14.32479636,27045,5.491525424,Bright Park,2,0.022467831,Jackson
4,1200,171.3020833,-1,98670,15.53949707,49335,5.485714286,Bright Park,2,0.022467831,Jackson
4,1300,167.1731184,-1,113880,NA,45552,6.02840708,Bright Park,2,0.022467831,Jackson
4,1500,152.8,-1,137520,NA,55008,6.338028169,Bright Park,2,0.022467831,Jackson
4,800,161.6233535,-1,40860,10.18855815,20430,4.77,Bright Park,2,0.022467831,Jackson
4,500,143.5567799,-1,14070,7.022815976,7035,4.08375,Bright Park,2,0.022467831,Jackson
4,600,153.125,-1,22050,8.785406217,11025,4.965517241,Bright Park,2,0.022467831,Jackson
4,700,160.7062019,-1,31950,9.214583968,15975,4.518409091,Bright Park,2,0.022467831,Jackson
4,1000,171.9016856,-1,69450,15.00012587,34725,5.3868,Bright Park,2,0.022467831,Jackson
4,1100,174.829549,-1,83850,15.23490075,41925,5.102234043,Bright Park,2,0.022467831,Jackson
5,900,165.8333333,-1,53730,6.908556964,21492,4,Brighton Park,2,0.233791659,Jackson
5,1300,165.5877042,-1,112800,11.28457533,45120,4.665821918,Brighton Park,2,0.233791659,Jackson
5,1400,165.1443327,-1,128550,12.86545515,51420,5.087647059,Brighton Park,2,0.233791659,Jackson
5,800,155.8087101,-1,39390,7.878666524,19695,4.514464286,Brighton Park,2,0.233791659,Jackson
5,1100,167.3234503,-1,80250,8.924832126,32100,4.656407767,Brighton Park,2,0.233791659,Jackson
5,1200,165.15625,-1,95130,9.397605323,38052,4.64516129,Brighton Park,2,0.233791659,Jackson
5,600,151.6666667,-1,21840,4.739422316,10920,3.789473684,Brighton Park,2,0.233791659,Jackson
5,700,161.0079976,-1,32010,7.45194008,16005,3.9762,Brighton Park,2,0.233791659,Jackson
5,1500,164.3,-1,147870,14.2620704,59148,5.263157895,Brighton Park,2,0.233791659,Jackson
5,500,161.6161616,-1,15840,3.923159101,7920,3.267,Brighton Park,2,0.233791659,Jackson
5,1000,169.8967847,-1,68640,7.57233374,27456,4.297978723,Brighton Park,2,0.233791659,Jackson
6,1200,169.0625,-1,97380,13.40024817,38952,4.430769231,Chastain Elementary ,1,0,Jackson
6,1300,173.61668,-1,116910,14.79948388,46764,4.401176471,Chastain Elementary ,1,0,Jackson
6,800,164.5702306,-1,42390,11.11100251,16956,4.222622951,Chastain Elementary ,1,0,Jackson
6,900,169.537037,-1,54930,11.1369004,21972,4.101265823,Chastain Elementary ,1,0,Jackson
6,500,150.9209745,-1,15240,NA,6096,3.74,Chastain Elementary ,1,0,Jackson
6,700,160.9620722,-1,31320,9.808623198,12528,4.23,Chastain Elementary ,1,0,Jackson
6,1000,167.7973768,-1,66780,11.6941504,26712,4.189263158,Chastain Elementary ,1,0,Jackson
6,1100,166.7283722,-1,81060,12.78838563,32424,4.501666667,Chastain Elementary ,1,0,Jackson
6,600,149.1666667,-1,21480,NA,8592,4.8,Chastain Elementary ,1,0,Jackson
6,1400,175.3984595,-1,138000,15.40362376,55200,4.346850829,Chastain Elementary ,1,0,Jackson
6,1500,174.8333333,-1,157350,15.60701616,62940,4.390243902,Chastain Elementary ,1,0,Jackson
7,900,166.6666667,-1,54000,NA,21600,4.835820896,Clinton Community Nature Center,6,1.015675057,Jackson
7,1100,169.3817105,-1,82350,10.58382347,32940,4.8618,Clinton Community Nature Center,6,1.015675057,Jackson
7,1200,169.7395833,-1,97770,11.42753312,39108,5.097345133,Clinton Community Nature Center,6,1.015675057,Jackson
7,600,161.0416667,-1,23190,9.12895887,11595,3.6,Clinton Community Nature Center,6,1.015675057,Jackson
7,700,153.7156953,-1,29910,11.19097431,14955,5.120526316,Clinton Community Nature Center,6,1.015675057,Jackson
7,800,167.4819474,-1,43140,11.15244474,21570,4.599642857,Clinton Community Nature Center,6,1.015675057,Jackson
7,1500,171.3,-1,154170,12.24541779,61668,5,Clinton Community Nature Center,6,1.015675057,Jackson
7,500,152.4064171,-1,15390,8.916171301,7695,3.366,Clinton Community Nature Center,6,1.015675057,Jackson
7,1300,172.0573822,-1,115860,11.96911093,46344,4.988,Clinton Community Nature Center,6,1.015675057,Jackson
7,1000,169.0034675,-1,67260,10.16040207,26904,5.236578947,Clinton Community Nature Center,6,1.015675057,Jackson
7,1400,172.5387021,-1,135750,11.39384797,54300,4.683214286,Clinton Community Nature Center,6,1.015675057,Jackson
8,800,147.0274119,-1,37170,16.18985237,18585,4.012857143,Cross Creek Subdivision ,2,0.022532144,Jackson
8,900,148.3333333,-1,48060,17.07417259,24030,4.984615385,Cross Creek Subdivision ,2,0.022532144,Jackson
8,500,142.0263238,-1,13920,NA,6960,2.800285714,Cross Creek Subdivision ,2,0.022532144,Jackson
8,1000,144.2043514,-1,58260,20.84698349,29130,5.534383562,Cross Creek Subdivision ,2,0.022532144,Jackson
8,1100,141.5525114,-1,67890,NA,27156,5.921111111,Cross Creek Subdivision ,2,0.022532144,Jackson
8,1500,137.9333333,-1,124140,NA,49656,6,Cross Creek Subdivision ,2,0.022532144,Jackson
8,600,146.25,-1,21060,NA,10530,3.2,Cross Creek Subdivision ,2,0.022532144,Jackson
8,700,148.6343745,-1,29550,14.55129597,14775,3.614727273,Cross Creek Subdivision ,2,0.022532144,Jackson
8,1400,137.6652407,-1,107160,NA,42864,6.081328125,Cross Creek Subdivision ,2,0.022532144,Jackson
8,1200,138.8020833,-1,79950,NA,31980,6.260869565,Cross Creek Subdivision ,2,0.022532144,Jackson
8,1300,138.1952702,-1,94140,NA,37656,6.137027027,Cross Creek Subdivision ,2,0.022532144,Jackson
9,900,129.0740741,-1,41820,15.13221493,16728,6.230769231,Fondren Park,1,0,Jackson
9,700,160.6537157,-1,31260,8.988814137,12504,4.23,Fondren Park,1,0,Jackson
9,800,139.1800606,-1,35850,11.65889435,14340,5.1516,Fondren Park,1,0,Jackson
9,1500,102.4,-1,92160,35.58187519,36864,8.490566038,Fondren Park,1,0,Jackson
9,500,221.3309566,-1,22350,3.053874959,8940,2.805,Fondren Park,1,0,Jackson
9,600,188.3333333,-1,27120,6.691563897,10848,3.692307692,Fondren Park,1,0,Jackson
9,1000,119.7798884,-1,47670,18.11799918,19068,6.524262295,Fondren Park,1,0,Jackson
9,1400,105.0102951,-1,82620,35.06847043,33048,8.111134021,Fondren Park,1,0,Jackson
9,1100,113.908429,-1,55380,22.11430861,22152,6.57,Fondren Park,1,0,Jackson
9,1200,114.53125,-1,65970,26.197599,26388,7.2,Fondren Park,1,0,Jackson
9,1300,111.0665597,-1,74790,29.60516675,29916,7.74,Fondren Park,1,0,Jackson
10,800,161.8914512,-1,41700,8.229127763,16680,3.141219512,Friendship Park ,3,0.1113136,Jackson
10,900,162.2222222,-1,52560,9.541685876,21024,3.272727273,Friendship Park ,3,0.1113136,Jackson
10,1500,169.4666667,-1,152520,14.23453962,61008,3.461538462,Friendship Park ,3,0.1113136,Jackson
10,600,152.9166667,-1,22020,5.626102926,8808,2.571428571,Friendship Park ,3,0.1113136,Jackson
10,700,160.9620722,-1,31320,6.176355301,12528,2.665479452,Friendship Park ,3,0.1113136,Jackson
10,1400,168.9163426,-1,132900,13.92426509,53160,3.4968,Friendship Park ,3,0.1113136,Jackson
10,1000,161.3146389,-1,64200,10.99750601,25680,3.401538462,Friendship Park ,3,0.1113136,Jackson
10,500,139.6316102,-1,14100,NA,5640,2.5245,Friendship Park ,3,0.1113136,Jackson
10,1200,169.53125,-1,97650,13.04192957,39060,3.490909091,Friendship Park ,3,0.1113136,Jackson
10,1300,165.5083311,-1,111450,14.08875548,44580,3.761899441,Friendship Park ,3,0.1113136,Jackson
10,1100,164.5686783,-1,80010,12.72269995,32004,3.523043478,Friendship Park ,3,0.1113136,Jackson
11,900,193.9814815,-1,62850,NA,25140,3.340206186,Green Oak Lane,8,0.649960909,Jackson
11,500,200.8318479,-1,20280,5.576444805,13520,2.729189189,Green Oak Lane,8,0.649960909,Jackson
11,700,204.2861548,-1,39750,NA,15900,2.7025,Green Oak Lane,8,0.649960909,Jackson
11,800,198.8120196,-1,51210,5.219652028,20484,2.830549451,Green Oak Lane,8,0.649960909,Jackson
11,1400,185.121635,-1,145650,8.196411334,58260,3.435720524,Green Oak Lane,8,0.649960909,Jackson
11,1500,182.6666667,-1,164400,8.606828515,65760,3.529411765,Green Oak Lane,8,0.649960909,Jackson
11,600,205.625,-1,29610,NA,11844,2.25,Green Oak Lane,8,0.649960909,Jackson
11,1300,184.3090083,-1,124110,7.379312818,49644,3.435612245,Green Oak Lane,8,0.649960909,Jackson
11,1000,190.1100558,-1,75660,NA,30264,3.3165,Green Oak Lane,8,0.649960909,Jackson
11,1100,187.6465507,-1,91230,6.561207846,36492,3.37625,Green Oak Lane,8,0.649960909,Jackson
11,1200,186.09375,-1,107190,7.202726196,42876,3.668789809,Green Oak Lane,8,0.649960909,Jackson
12,800,227.7204225,-1,57570,NA,23028,2.089338843,Greenwood Cemetery,4,0.276355058,Jackson
12,700,232.9862683,-1,46320,11.42274093,23160,1.858037383,Greenwood Cemetery,4,0.276355058,Jackson
12,900,217.7777778,-1,70560,7.806670029,28224,2.436090226,Greenwood Cemetery,4,0.276355058,Jackson
12,1500,201.4333333,-1,181290,12.51451401,72516,3.092783505,Greenwood Cemetery,4,0.276355058,Jackson
12,600,233.9583333,-1,33690,7.439068823,16845,1.655172414,Greenwood Cemetery,4,0.276355058,Jackson
12,1200,206.8229167,-1,119130,9.624917059,47652,2.642201835,Greenwood Cemetery,4,0.276355058,Jackson
12,1300,204.3422733,-1,139200,11.09938394,55680,2.923648069,Greenwood Cemetery,4,0.276355058,Jackson
12,1400,203.0292519,-1,158040,11.54014867,63216,2.893717472,Greenwood Cemetery,4,0.276355058,Jackson
12,500,227.4257729,-1,22290,6.004760778,11145,1.462835821,Greenwood Cemetery,4,0.276355058,Jackson
12,1100,211.9221868,-1,101640,9.324676381,40656,2.537619048,Greenwood Cemetery,4,0.276355058,Jackson
12,1000,214.9699265,-1,86850,8.588419843,34740,2.404821429,Greenwood Cemetery,4,0.276355058,Jackson
13,700,199.9691644,-1,38910,8.316261603,19455,2.82,Lakewood Cemetery,4,0.609627424,Jackson
13,800,196.1332402,-1,50520,8.105892827,25260,3.141219512,Lakewood Cemetery,4,0.609627424,Jackson
13,500,181.2240048,-1,18300,NA,9150,2.729189189,Lakewood Cemetery,4,0.609627424,Jackson
13,600,195.4166667,-1,28140,8.407788578,14070,2.93877551,Lakewood Cemetery,4,0.609627424,Jackson
13,1200,200.3645833,-1,115410,9.46525019,46164,2.953846154,Lakewood Cemetery,4,0.609627424,Jackson
13,1400,202.2420499,-1,159120,11.0759425,63648,2.991558935,Lakewood Cemetery,4,0.609627424,Jackson
13,900,191.8518519,-1,62160,NA,24864,3.115384615,Lakewood Cemetery,4,0.609627424,Jackson
13,1100,197.5194372,-1,96030,8.518085298,38412,3.136645161,Lakewood Cemetery,4,0.609627424,Jackson
13,1300,201.1494253,-1,135450,10.70866017,54180,3.1175,Lakewood Cemetery,4,0.609627424,Jackson
13,1500,201.2666667,-1,181140,11.15868903,72456,3.03030303,Lakewood Cemetery,4,0.609627424,Jackson
13,1000,197.648123,-1,78660,7.699900094,31464,2.992330827,Lakewood Cemetery,4,0.609627424,Jackson
14,600,194.375,-1,27990,4.295380341,13995,2.88,Lakewood Memorial Park Cemetery ,5,1.25549526,Jackson
14,500,210.0415924,-1,21210,3.434219019,10605,2.10375,Lakewood Memorial Park Cemetery ,5,1.25549526,Jackson
14,700,180.8510638,-1,35190,5.387151018,17595,3.243,Lakewood Memorial Park Cemetery ,5,1.25549526,Jackson
14,1300,175.309632,-1,118050,NA,47220,3.87,Lakewood Memorial Park Cemetery ,5,1.25549526,Jackson
14,1500,172.8666667,-1,155580,NA,62232,4.368932039,Lakewood Memorial Park Cemetery ,5,1.25549526,Jackson
14,900,178.9814815,-1,57990,7.793002035,28995,3.640449438,Lakewood Memorial Park Cemetery ,5,1.25549526,Jackson
14,1100,179.933358,-1,87480,9.453720757,43740,3.768837209,Lakewood Memorial Park Cemetery ,5,1.25549526,Jackson
14,1200,177.5,-1,102240,NA,40896,3.814569536,Lakewood Memorial Park Cemetery ,5,1.25549526,Jackson
14,800,180.7593757,-1,46560,6.370369942,23280,3.389210526,Lakewood Memorial Park Cemetery ,5,1.25549526,Jackson
14,1000,181.6674205,-1,72300,8.767456948,36150,3.790285714,Lakewood Memorial Park Cemetery ,5,1.25549526,Jackson
14,1400,174.4070769,-1,137220,NA,54888,4.05556701,Lakewood Memorial Park Cemetery ,5,1.25549526,Jackson
15,500,139.3345217,-1,14070,6.665570395,7035,5.314736842,Laurel Street Park ,5,1.445925965,Jackson
15,600,134.5833333,-1,19380,9.923839133,9690,6.545454545,Laurel Street Park ,5,1.445925965,Jackson
15,1400,126.9351026,-1,99870,23.19403297,39948,6.841565217,Laurel Street Park ,5,1.445925965,Jackson
15,1500,125.4333333,-1,112890,25.91323099,45156,6.976744186,Laurel Street Park ,5,1.445925965,Jackson
15,900,134.537037,-1,43590,14.05557637,17436,6.352941176,Laurel Street Park ,5,1.445925965,Jackson
15,1200,129.84375,-1,74790,18.33021923,29916,6.193548387,Laurel Street Park ,5,1.445925965,Jackson
15,700,133.6725254,-1,26010,10.96006938,10404,6.486,Laurel Street Park ,5,1.445925965,Jackson
15,800,136.0354065,-1,35040,12.41265305,14016,6.132857143,Laurel Street Park ,5,1.445925965,Jackson
15,1000,134.5545002,-1,53550,15.31978978,21420,6.03,Laurel Street Park ,5,1.445925965,Jackson
15,1100,132.0498581,-1,64200,17.0103344,25680,6.07725,Laurel Street Park ,5,1.445925965,Jackson
15,1300,130.5355074,-1,87900,20.47492592,35160,6.7338,Laurel Street Park ,5,1.445925965,Jackson
16,1300,168.4502576,-1,114750,14.54590677,57375,3.892628571,LeFleurs Bluff State Park ,8,1.670579708,Jackson
16,1500,177.1,-1,159390,18.15542817,79695,4.054054054,LeFleurs Bluff State Park ,8,1.670579708,Jackson
16,500,167.7379859,-1,16440,8.098547593,10960,2.45025,LeFleurs Bluff State Park ,8,1.670579708,Jackson
16,900,157.037037,-1,50880,12.48109296,25440,3.640449438,LeFleurs Bluff State Park ,8,1.670579708,Jackson
16,600,159.375,-1,22950,9.695558278,15300,2.769230769,LeFleurs Bluff State Park ,8,1.670579708,Jackson
16,1400,171.9659306,-1,133860,16.09582789,66930,4.075445026,LeFleurs Bluff State Park ,8,1.670579708,Jackson
16,800,159.9620268,-1,40440,14.5061706,26960,3.283246753,LeFleurs Bluff State Park ,8,1.670579708,Jackson
16,1100,162.3193845,-1,77850,14.67705468,38925,3.806428571,LeFleurs Bluff State Park ,8,1.670579708,Jackson
16,1200,166.875,-1,96120,14.40731157,48060,3.789473684,LeFleurs Bluff State Park ,8,1.670579708,Jackson
16,700,168.7037875,-1,33540,13.81605626,22360,2.881304348,LeFleurs Bluff State Park ,8,1.670579708,Jackson
16,1000,154.6001337,-1,62460,11.15111898,31230,3.847714286,LeFleurs Bluff State Park ,8,1.670579708,Jackson
17,1400,108.0988332,-1,85050,24.87098139,34020,6.901578947,Liberty Park ,7,0.945202935,Jackson
17,900,103.9814815,-1,33690,15.63151987,13476,6.893617021,Liberty Park ,7,0.945202935,Jackson
17,1200,106.3541667,-1,61260,21.99699232,24504,6.4,Liberty Park ,7,0.945202935,Jackson
17,1300,106.255012,-1,71550,23.07356717,28620,6.801818182,Liberty Park ,7,0.945202935,Jackson
17,1500,112.2666667,-1,101040,22.42379428,40416,6.164383562,Liberty Park ,7,0.945202935,Jackson
17,800,108.315863,-1,27900,14.21948964,11160,6.961621622,Liberty Park ,7,0.945202935,Jackson
17,500,96.55377302,-1,9750,NA,3900,5.94,Liberty Park ,7,0.945202935,Jackson
17,600,99.16666667,-1,14280,10.68689464,5712,6.857142857,Liberty Park ,7,0.945202935,Jackson
17,700,107.4622263,-1,20910,12.24823213,8364,5.896363636,Liberty Park ,7,0.945202935,Jackson
17,1000,101.3116237,-1,40320,17.63797434,16128,6.633,Liberty Park ,7,0.945202935,Jackson
17,1100,103.2333704,-1,50190,19.27122267,20076,6.7525,Liberty Park ,7,0.945202935,Jackson
18,900,167.2222222,-1,54180,9.274858321,21672,3.483870968,Madison Avenue Elementary School,7,1.353702718,Jackson
18,1300,159.0258511,-1,108330,13.92036539,43332,4.311455696,Madison Avenue Elementary School,7,1.353702718,Jackson
18,1400,158.014414,-1,123000,15.13430664,49200,4.448057143,Madison Avenue Elementary School,7,1.353702718,Jackson
18,800,173.3713065,-1,43830,NA,17532,3.200126582,Madison Avenue Elementary School,7,1.353702718,Jackson
18,1100,161.5687746,-1,77490,10.80989672,30996,3.963719008,Madison Avenue Elementary School,7,1.353702718,Jackson
18,1200,162.5,-1,93600,11.9634616,37440,4.056338028,Madison Avenue Elementary School,7,1.353702718,Jackson
18,600,171.25,-1,24660,5.765759626,12330,2.666666667,Madison Avenue Elementary School,7,1.353702718,Jackson
18,700,169.7600724,-1,33750,NA,13500,3.058615385,Madison Avenue Elementary School,7,1.353702718,Jackson
18,1500,155.2333333,-1,139710,17.00893124,55884,4.522613065,Madison Avenue Elementary School,7,1.353702718,Jackson
18,500,164.6770738,-1,16140,4.31719638,8070,2.648918919,Madison Avenue Elementary School,7,1.353702718,Jackson
18,1000,163.6593154,-1,66120,9.725730544,26448,3.607232143,Madison Avenue Elementary School,7,1.353702718,Jackson
19,1200,186.3541667,-1,107340,10.7415557,42936,5.142857143,Madison Crossing Elementary School ,4,0.751930466,Jackson
19,1300,186.4070669,-1,124080,11.27194946,49632,5.00481203,Madison Crossing Elementary School ,4,0.751930466,Jackson
19,800,182.8989483,-1,48000,NA,19200,4.771636364,Madison Crossing Elementary School ,4,0.751930466,Jackson
19,900,186.4814815,-1,60420,8.586361956,24168,4.628571429,Madison Crossing Elementary School ,4,0.751930466,Jackson
19,500,172.72203,-1,17970,NA,7188,3.152727273,Madison Crossing Elementary School ,4,0.751930466,Jackson
19,700,180.8443604,-1,34440,NA,13776,4.534285714,Madison Crossing Elementary School ,4,0.751930466,Jackson
19,1000,183.4251607,-1,71910,9.07856707,28764,5.297837838,Madison Crossing Elementary School ,4,0.751930466,Jackson
19,1100,184.6846847,-1,91020,10.09449588,36408,5.13375,Madison Crossing Elementary School ,4,0.751930466,Jackson
19,600,177.2916667,-1,25530,NA,10212,3.6,Madison Crossing Elementary School ,4,0.751930466,Jackson
19,1400,183.3408782,-1,145800,12.46747438,58320,5.409795918,Madison Crossing Elementary School ,4,0.751930466,Jackson
19,1500,180.3333333,-1,162300,13.04669283,64920,5.555555556,Madison Crossing Elementary School ,4,0.751930466,Jackson
20,900,183.1481481,-1,59340,8.815731613,23736,3.446808511,Manhattan Park,4,0.845581144,Jackson
20,1100,185.8384938,-1,89130,10.78378715,35652,3.661145038,Manhattan Park,4,0.845581144,Jackson
20,1200,190.2083333,-1,109560,12.02007347,43824,3.945205479,Manhattan Park,4,0.845581144,Jackson
20,600,168.5416667,-1,24270,8.359474327,12135,3.2,Manhattan Park,4,0.845581144,Jackson
20,700,172.6271314,-1,34320,10.41661339,17160,3.487894737,Manhattan Park,4,0.845581144,Jackson
20,800,180.2539457,-1,45570,9.857819517,22785,3.416351351,Manhattan Park,4,0.845581144,Jackson
20,1500,199,-1,179100,15.13620687,71640,3.982300885,Manhattan Park,4,0.845581144,Jackson
20,500,170.4928069,-1,16710,5.987782748,8355,2.800285714,Manhattan Park,4,0.845581144,Jackson
20,1300,196.1509667,-1,133620,13.43196857,53448,3.870511364,Manhattan Park,4,0.845581144,Jackson
20,1000,183.5598129,-1,74160,10.26430846,29664,3.706513761,Manhattan Park,4,0.845581144,Jackson
20,1400,198.6356804,-1,154620,14.14663164,61848,3.872686567,Manhattan Park,4,0.845581144,Jackson
21,800,208.9620485,-1,54840,5.102863881,21936,2.883956044,Millsaps College,5,0.93096123,Jackson
21,900,207.2222222,-1,67140,5.58374073,26856,2.867256637,Millsaps College,5,0.93096123,Jackson
21,500,224.9134948,-1,23400,2.598913139,9360,1.891636364,Millsaps College,5,0.93096123,Jackson
21,1000,199.7245179,-1,78300,6.997842525,31320,3.379655172,Millsaps College,5,0.93096123,Jackson
21,1100,197.5286097,-1,97350,8.467904844,38940,3.221176471,Millsaps College,5,0.93096123,Jackson
21,1500,195.8333333,-1,176250,11.50316881,70500,3.422053232,Millsaps College,5,0.93096123,Jackson
21,600,222.2916667,-1,32010,2.832252575,12804,2.028169014,Millsaps College,5,0.93096123,Jackson
21,700,215.6584751,-1,41070,4.001821076,16428,2.473246753,Millsaps College,5,0.93096123,Jackson
21,1400,197.2234797,-1,156840,11.02069067,62736,3.369661017,Millsaps College,5,0.93096123,Jackson
21,1200,193.4895833,-1,111450,9.534537798,44580,3.408284024,Millsaps College,5,0.93096123,Jackson
21,1300,195.3758789,-1,130050,10.31412275,52020,3.413538462,Millsaps College,5,0.93096123,Jackson
22,900,178.8888889,-1,57960,NA,23184,4.563380282,Montgomery Cemetary,4,0.856159508,Jackson
22,700,181.5301041,-1,36090,7.178958971,18045,3.681666667,Montgomery Cemetary,4,0.856159508,Jackson
22,800,181.5592738,-1,45900,8.953183474,22950,4.358793103,Montgomery Cemetary,4,0.856159508,Jackson
22,1500,174.3666667,-1,156930,16.25068824,62772,5.142857143,Montgomery Cemetary,4,0.856159508,Jackson
22,500,165.9014386,-1,16260,4.849087016,8130,3.63,Montgomery Cemetary,4,0.856159508,Jackson
22,600,178.75,-1,25740,6.043771089,12870,3.6,Montgomery Cemetary,4,0.856159508,Jackson
22,1000,177.5451103,-1,71730,10.14938852,28692,4.92695122,Montgomery Cemetary,4,0.856159508,Jackson
22,1400,175.7043203,-1,136770,15.05972504,54708,5.331575342,Montgomery Cemetary,4,0.856159508,Jackson
22,1100,178.6451492,-1,85680,11.59499609,34272,4.9959375,Montgomery Cemetary,4,0.856159508,Jackson
22,1200,178.3333333,-1,102720,12.03833237,41088,4.721311475,Montgomery Cemetary,4,0.856159508,Jackson
22,1300,177.9627428,-1,121230,13.45205264,48492,5.321953125,Montgomery Cemetary,4,0.856159508,Jackson
23,800,155.3692057,-1,40020,8.673838863,20010,4.599642857,Moores Greenhouse,4,0.515205167,Jackson
23,900,154.0740741,-1,49920,NA,24960,4.764705882,Moores Greenhouse,4,0.515205167,Jackson
23,1500,167.7333333,-1,150960,11.94154891,60384,4.5,Moores Greenhouse,4,0.515205167,Jackson
23,600,130.8333333,-1,18840,11.18507694,12560,6.545454545,Moores Greenhouse,4,0.515205167,Jackson
23,700,144.4650015,-1,28110,10.45869313,18740,4.989230769,Moores Greenhouse,4,0.515205167,Jackson
23,1400,164.7220316,-1,129600,NA,51840,4.521724138,Moores Greenhouse,4,0.515205167,Jackson
23,1000,159.1285994,-1,63330,10.57302838,31665,3.94039604,Moores Greenhouse,4,0.515205167,Jackson
23,500,126.2626263,-1,12750,9.768989573,8500,6.31125,Moores Greenhouse,4,0.515205167,Jackson
23,1200,162.7604167,-1,93750,NA,37500,4.235294118,Moores Greenhouse,4,0.515205167,Jackson
23,1300,163.5926223,-1,110160,NA,44064,4.182484472,Moores Greenhouse,4,0.515205167,Jackson
23,1100,163.9516229,-1,79710,12.24793181,39855,4.085546218,Moores Greenhouse,4,0.515205167,Jackson
24,900,169.537037,-1,54930,10.18087199,21972,4.32,Natchez Trace Memorial Park Cemetary,2,0.500402424,Jackson
24,500,147.0588235,-1,15300,NA,7650,4.729090909,Natchez Trace Memorial Park Cemetary,2,0.500402424,Jackson
24,700,153.5916824,-1,29250,7.064329903,11700,4.761,Natchez Trace Memorial Park Cemetary,2,0.500402424,Jackson
24,800,162.8943759,-1,42750,8.693014196,17100,4.524827586,Natchez Trace Memorial Park Cemetary,2,0.500402424,Jackson
24,1400,163.8750566,-1,130320,13.46765076,52128,4.908888889,Natchez Trace Memorial Park Cemetary,2,0.500402424,Jackson
24,1500,164.4,-1,147960,14.06575351,59184,5.142857143,Natchez Trace Memorial Park Cemetary,2,0.500402424,Jackson
24,600,146.4583333,-1,21090,8.240626214,10545,5.333333333,Natchez Trace Memorial Park Cemetary,2,0.500402424,Jackson
24,1300,165.8103479,-1,110370,12.57644663,44148,4.823478261,Natchez Trace Memorial Park Cemetary,2,0.500402424,Jackson
24,1000,166.8962351,-1,65430,10.85188842,26172,4.455,Natchez Trace Memorial Park Cemetary,2,0.500402424,Jackson
24,1100,161.1273436,-1,79410,11.54853705,31764,4.738846154,Natchez Trace Memorial Park Cemetary,2,0.500402424,Jackson
24,1200,164.4791667,-1,94740,12.06313249,37896,4.923076923,Natchez Trace Memorial Park Cemetary,2,0.500402424,Jackson
25,800,159.5620778,-1,41100,8.722964253,20550,4.088571429,Natchez Trace Parkway East,4,0.852853093,Jackson
25,700,151.2488437,-1,29430,7.035022648,14715,3.8916,Natchez Trace Parkway East,4,0.852853093,Jackson
25,900,168.0555556,-1,54450,9.658722763,27225,4.101265823,Natchez Trace Parkway East,4,0.852853093,Jackson
25,1500,161.9,-1,145710,16.01723144,72855,4.712041885,Natchez Trace Parkway East,4,0.852853093,Jackson
25,600,147.5,-1,21240,6.296703635,10620,4.114285714,Natchez Trace Parkway East,4,0.852853093,Jackson
25,1200,164.53125,-1,94770,13.75952675,47385,5.008695652,Natchez Trace Parkway East,4,0.852853093,Jackson
25,1300,164.2163414,-1,110580,14.58324978,55290,4.915182482,Natchez Trace Parkway East,4,0.852853093,Jackson
25,1400,163.1205674,-1,128340,15.80990053,64170,4.948301887,Natchez Trace Parkway East,4,0.852853093,Jackson
25,500,143.7908497,-1,14520,5.877587099,7260,4.0392,Natchez Trace Parkway East,4,0.852853093,Jackson
25,1100,168.7029495,-1,82020,11.98504229,41010,4.910909091,Natchez Trace Parkway East,4,0.852853093,Jackson
25,1000,173.8278305,-1,69180,10.37421784,34590,4.574482759,Natchez Trace Parkway East,4,0.852853093,Jackson
26,700,95.28214616,-1,18540,23.18536359,9270,4.989230769,Natchez Trace Parkway West,6,1.498388127,Jackson
26,800,93.05846727,-1,23970,37.32978042,11985,5.480425532,Natchez Trace Parkway West,6,1.498388127,Jackson
26,500,99.22756982,-1,10020,15.03735833,5010,5.049,Natchez Trace Parkway West,6,1.498388127,Jackson
26,600,98.54166667,-1,14190,21.04402829,7095,5.142857143,Natchez Trace Parkway West,6,1.498388127,Jackson
26,1200,87.76041667,-1,50550,39.04992575,25275,5.647058824,Natchez Trace Parkway West,6,1.498388127,Jackson
26,1400,93.80004576,-1,73800,NA,29520,5.742919708,Natchez Trace Parkway West,6,1.498388127,Jackson
26,900,87.22222222,-1,28260,44.343907,14130,6,Natchez Trace Parkway West,6,1.498388127,Jackson
26,1100,86.75799087,-1,42180,34.97441383,21090,5.462696629,Natchez Trace Parkway West,6,1.498388127,Jackson
26,1300,89.77100597,-1,60450,38.6764117,30225,5.519508197,Natchez Trace Parkway West,6,1.498388127,Jackson
26,1500,95.76666667,-1,86190,NA,34476,5.590062112,Natchez Trace Parkway West,6,1.498388127,Jackson
26,1000,84.35097241,-1,33570,44.08572555,16785,6.03,Natchez Trace Parkway West,6,1.498388127,Jackson
27,600,173.125,-1,24930,NA,12465,3.2,North Park Mall,6,1.037783446,Jackson
27,500,181.8181818,-1,18360,NA,9180,2.589230769,North Park Mall,6,1.037783446,Jackson
27,700,169.596053,-1,33000,7.332494414,16500,3.297966102,North Park Mall,6,1.037783446,Jackson
27,1300,174.0176423,-1,117180,16.67387516,58590,5.179846154,North Park Mall,6,1.037783446,Jackson
27,1500,173.8666667,-1,156480,20.90128772,78240,5.769230769,North Park Mall,6,1.037783446,Jackson
27,900,171.2962963,-1,55500,9.615642251,27750,4.153846154,North Park Mall,6,1.037783446,Jackson
27,1100,173.0223374,-1,84120,14.68397546,42060,5.064375,North Park Mall,6,1.037783446,Jackson
27,1200,174.0625,-1,100260,16.40984545,50130,5.236363636,North Park Mall,6,1.037783446,Jackson
27,800,169.6948521,-1,43710,8.516398188,21855,3.844477612,North Park Mall,6,1.037783446,Jackson
27,1000,171.7925524,-1,68370,11.36782041,34185,4.627674419,North Park Mall,6,1.037783446,Jackson
27,1400,173.4919545,-1,136500,19.07150496,68250,5.352244898,North Park Mall,6,1.037783446,Jackson
28,500,123.9669421,-1,12150,NA,6075,3.9204,Old Brandon Cemetery,6,1.285417473,Jackson
28,600,137.7083333,-1,19830,7.502630994,9915,4.363636364,Old Brandon Cemetery,6,1.285417473,Jackson
28,1400,114.7338806,-1,89310,16.41987825,35724,6.768782609,Old Brandon Cemetery,6,1.285417473,Jackson
28,1500,115.8666667,-1,104280,16.80279078,41712,6.818181818,Old Brandon Cemetery,6,1.285417473,Jackson
28,900,116.0185185,-1,37590,NA,15036,5.586206897,Old Brandon Cemetery,6,1.285417473,Jackson
28,1200,111.875,-1,64440,15.40825173,25776,7.2,Old Brandon Cemetery,6,1.285417473,Jackson
28,700,126.9050853,-1,25230,9.264912594,12615,5.097692308,Old Brandon Cemetery,6,1.285417473,Jackson
28,800,119.6155215,-1,30240,10.44821498,15120,5.266875,Old Brandon Cemetery,6,1.285417473,Jackson
28,1000,111.680404,-1,45120,11.78110855,18048,6.121363636,Old Brandon Cemetery,6,1.285417473,Jackson
28,1100,112.1536248,-1,53790,14.06970937,21516,6.851571429,Old Brandon Cemetery,6,1.285417473,Jackson
28,1300,112.0799753,-1,76350,16.40486023,30540,6.951122449,Old Brandon Cemetery,6,1.285417473,Jackson
29,1300,157.0435712,-1,105750,20.8280177,42300,5.344285714,Old Towne Middle School,5,1.389693107,Jackson
29,1500,158.0666667,-1,142260,26.0835879,56904,5.590062112,Old Towne Middle School,5,1.389693107,Jackson
29,500,188.6512181,-1,19050,NA,9525,3.74,Old Towne Middle School,5,1.389693107,Jackson
29,900,162.5,-1,52650,25.52099655,26325,5.4,Old Towne Middle School,5,1.389693107,Jackson
29,600,179.375,-1,25830,NA,12915,5.142857143,Old Towne Middle School,5,1.389693107,Jackson
29,1400,156.7147106,-1,123300,23.68102058,49320,5.352244898,Old Towne Middle School,5,1.389693107,Jackson
29,800,162.7067319,-1,41910,NA,20955,5.36625,Old Towne Middle School,5,1.389693107,Jackson
29,1100,155.6830803,-1,75690,NA,30276,5.524772727,Old Towne Middle School,5,1.389693107,Jackson
29,1200,154.3229167,-1,88890,NA,35556,5.818181818,Old Towne Middle School,5,1.389693107,Jackson
29,700,169.9044095,-1,33060,NA,16530,5.722941176,Old Towne Middle School,5,1.389693107,Jackson
29,1000,158.8270767,-1,63210,NA,25284,5.5275,Old Towne Middle School,5,1.389693107,Jackson
30,1400,91.20719896,-1,71760,25.17920014,28704,8.111134021,Parham Bridges Park ,6,1.435566335,Jackson
30,900,87.77777778,-1,28440,NA,11376,5.890909091,Parham Bridges Park ,6,1.435566335,Jackson
30,1200,94.89583333,-1,54660,21.58845917,21864,6.697674419,Parham Bridges Park ,6,1.435566335,Jackson
30,1300,93.37966676,-1,62880,23.44098374,25152,7.39978022,Parham Bridges Park ,6,1.435566335,Jackson
30,1500,89.06666667,-1,80160,26.38472714,32064,8.333333333,Parham Bridges Park ,6,1.435566335,Jackson
30,800,85.72094107,-1,22080,NA,8832,5.1516,Parham Bridges Park ,6,1.435566335,Jackson
30,500,101.3071895,-1,10230,NA,4092,3.883846154,Parham Bridges Park ,6,1.435566335,Jackson
30,600,92.29166667,-1,13290,NA,5316,4.363636364,Parham Bridges Park ,6,1.435566335,Jackson
30,700,88.49830404,-1,17220,NA,6888,4.989230769,Parham Bridges Park ,6,1.435566335,Jackson
30,1000,90.23066486,-1,35910,18.91595083,14364,5.685428571,Parham Bridges Park ,6,1.435566335,Jackson
30,1100,94.96482784,-1,46170,20.04205877,18468,6.57,Parham Bridges Park ,6,1.435566335,Jackson
31,900,114.9074074,-1,37230,17.08242741,24820,4.628571429,Parkway East,5,0.883247074,Jackson
31,1300,125.3229974,-1,84390,18.04801171,42195,5.26078125,Parkway East,5,0.883247074,Jackson
31,1400,122.5501411,-1,96420,21.11556225,48210,5.58,Parkway East,5,0.883247074,Jackson
31,800,112.3922665,-1,28950,15.90636447,19300,4.365762712,Parkway East,5,0.883247074,Jackson
31,1100,122.238677,-1,59430,16.24576559,29715,4.961020408,Parkway East,5,0.883247074,Jackson
31,1200,125.0520833,-1,72030,16.83488032,36015,5.008695652,Parkway East,5,0.883247074,Jackson
31,600,112.9166667,-1,16260,13.81855496,10840,4.965517241,Parkway East,5,0.883247074,Jackson
31,700,111.1625039,-1,21630,15.00455382,14420,4.632857143,Parkway East,5,0.883247074,Jackson
31,1500,121.1,-1,108990,22.61786161,54495,5.732484076,Parkway East,5,0.883247074,Jackson
31,500,100.4159239,-1,10140,13.47035544,6760,5.314736842,Parkway East,5,0.883247074,Jackson
31,1000,119.5537464,-1,47580,NA,23790,4.97475,Parkway East,5,0.883247074,Jackson
32,1200,85.10416667,-1,49020,NA,19608,7.111111111,Pearl Municipal Golf Course,7,1.596437409,Jackson
32,1300,81.84086251,-1,55110,NA,22044,7.652045455,Pearl Municipal Golf Course,7,1.596437409,Jackson
32,800,85.37153506,-1,21990,14.34455662,10995,6.282439024,Pearl Municipal Golf Course,7,1.596437409,Jackson
32,900,84.07407407,-1,27240,14.07334432,13620,6,Pearl Municipal Golf Course,7,1.596437409,Jackson
32,500,106.6547831,-1,10770,NA,5385,5.049,Pearl Municipal Golf Course,7,1.596437409,Jackson
32,700,92.35275979,-1,17970,11.77020665,8985,5.559428571,Pearl Municipal Golf Course,7,1.596437409,Jackson
32,1000,84.12483039,-1,33480,17.74666288,16740,7.37,Pearl Municipal Golf Course,7,1.596437409,Jackson
32,1100,81.45131433,-1,39600,19.0126503,19800,7.5965625,Pearl Municipal Golf Course,7,1.596437409,Jackson
32,600,97.08333333,-1,13980,9.313331825,6990,4.965517241,Pearl Municipal Golf Course,7,1.596437409,Jackson
32,1400,80.56890109,-1,63390,NA,25356,8.028367347,Pearl Municipal Golf Course,7,1.596437409,Jackson
32,1500,83.93333333,-1,75540,22.19968772,30216,7.826086957,Pearl Municipal Golf Course,7,1.596437409,Jackson
33,900,171.1111111,-1,55440,10.02865175,27720,5.491525424,Shiloh Park,4,0.942852941,Jackson
33,1100,158.2747131,-1,76950,11.2133832,38475,5.462696629,Shiloh Park,4,0.942852941,Jackson
33,1200,158.2291667,-1,91140,11.17179527,45570,5.142857143,Shiloh Park,4,0.942852941,Jackson
33,600,171.6666667,-1,24720,6.422384075,12360,4.8,Shiloh Park,4,0.942852941,Jackson
33,700,182.7012026,-1,35550,6.599100025,17775,4.525116279,Shiloh Park,4,0.942852941,Jackson
33,800,178.6629397,-1,46020,9.105581521,23010,4.953461538,Shiloh Park,4,0.942852941,Jackson
33,1500,157.6333333,-1,141870,14.68875905,70935,5.625,Shiloh Park,4,0.942852941,Jackson
33,500,172.6084373,-1,17430,4.529080655,8715,3.155625,Shiloh Park,4,0.942852941,Jackson
33,1300,160.8304375,-1,108300,12.60354023,54150,5.430483871,Shiloh Park,4,0.942852941,Jackson
33,1000,165.3098146,-1,65790,10.82886107,32895,5.852647059,Shiloh Park,4,0.942852941,Jackson
33,1400,161.061542,-1,126720,13.71830584,63360,5.619857143,Shiloh Park,4,0.942852941,Jackson
34,800,136.7034532,-1,34560,11.60684547,13824,5.0562,Smith Park ,1,0,Jackson
34,900,138.0555556,-1,44730,16.06959669,17892,4.984615385,Smith Park ,1,0,Jackson
34,500,168.0440771,-1,16470,8.179090194,8235,4.667142857,Smith Park ,1,0,Jackson
34,1000,147.3973416,-1,59550,13.70258338,23820,4.697790698,Smith Park ,1,0,Jackson
34,1100,143.1788328,-1,68670,16.52813122,27468,5.213152174,Smith Park ,1,0,Jackson
34,1500,151.1666667,-1,136050,18.63260581,54420,5.421686747,Smith Park ,1,0,Jackson
34,600,147.2916667,-1,21210,10.28619172,10605,5.333333333,Smith Park ,1,0,Jackson
34,700,139.1278105,-1,27660,9.556552551,11064,4.623488372,Smith Park ,1,0,Jackson
34,1400,151.2313562,-1,117720,16.79835074,47088,5.087647059,Smith Park ,1,0,Jackson
34,1200,148.3333333,-1,85440,16.98771008,34176,4.64516129,Smith Park ,1,0,Jackson
34,1300,148.5004624,-1,101160,16.64429344,40464,5.046,Smith Park ,1,0,Jackson
35,900,167.5925926,-1,54300,18.37334248,27150,4.438356164,Tougaloo Park,5,1.447675549,Jackson
35,700,148.3194573,-1,28860,NA,14430,4.324,Tougaloo Park,5,1.447675549,Jackson
35,800,159.9114838,-1,41190,18.26521826,20595,4.599642857,Tougaloo Park,5,1.447675549,Jackson
35,1500,178.7,-1,160830,NA,64332,5.732484076,Tougaloo Park,5,1.447675549,Jackson
35,500,121.5092097,-1,12270,NA,6135,3.883846154,Tougaloo Park,5,1.447675549,Jackson
35,600,133.75,-1,19260,NA,9630,3.6,Tougaloo Park,5,1.447675549,Jackson
35,1000,168.8527062,-1,67200,NA,26880,4.97475,Tougaloo Park,5,1.447675549,Jackson
35,1400,179.1733394,-1,140970,NA,56388,5.619857143,Tougaloo Park,5,1.447675549,Jackson
35,1100,170.6775268,-1,82980,NA,33192,5.342637363,Tougaloo Park,5,1.447675549,Jackson
35,1200,174.7916667,-1,100680,NA,40272,5.142857143,Tougaloo Park,5,1.447675549,Jackson
35,1300,177.6708545,-1,119640,NA,47856,5.519508197,Tougaloo Park,5,1.447675549,Jackson
36,800,161.6233535,-1,40860,10.18855815,20430,4.77,Twin Cedars,3,0.456334432,Jackson
36,900,166.9444444,-1,54090,14.32479636,27045,5.491525424,Twin Cedars,3,0.456334432,Jackson
36,1100,174.829549,-1,83850,15.23490075,41925,5.102234043,Twin Cedars,3,0.456334432,Jackson
36,600,153.125,-1,22050,8.785406217,11025,4.965517241,Twin Cedars,3,0.456334432,Jackson
36,700,160.7062019,-1,31950,9.214583968,15975,4.518409091,Twin Cedars,3,0.456334432,Jackson
36,1000,171.9016856,-1,69450,15.00012587,34725,5.3868,Twin Cedars,3,0.456334432,Jackson
36,1400,161.1747023,-1,125460,NA,50184,6.081328125,Twin Cedars,3,0.456334432,Jackson
36,500,143.5567799,-1,14070,7.022815976,7035,4.08375,Twin Cedars,3,0.456334432,Jackson
36,1200,171.3020833,-1,98670,15.53949707,49335,5.485714286,Twin Cedars,3,0.456334432,Jackson
36,1300,167.1731184,-1,113880,NA,45552,6.02840708,Twin Cedars,3,0.456334432,Jackson
36,1500,152.8,-1,137520,NA,55008,6.338028169,Twin Cedars,3,0.456334432,Jackson
37,900,166.6666667,-1,54000,NA,21600,4.835820896,West Side Park,1,0,Jackson
37,1200,169.7395833,-1,97770,11.42753312,39108,5.097345133,West Side Park,1,0,Jackson
37,1000,169.0034675,-1,67260,10.16040207,26904,5.236578947,West Side Park,1,0,Jackson
37,1100,169.3817105,-1,82350,10.58382347,32940,4.8618,West Side Park,1,0,Jackson
37,800,167.4819474,-1,43140,11.15244474,21570,4.599642857,West Side Park,1,0,Jackson
37,1500,171.3,-1,154170,12.24541779,61668,5,West Side Park,1,0,Jackson
37,1300,172.0573822,-1,115860,11.96911093,46344,4.988,West Side Park,1,0,Jackson
37,1400,172.5387021,-1,135750,11.39384797,54300,4.683214286,West Side Park,1,0,Jackson
37,700,153.7156953,-1,29910,11.19097431,14955,5.120526316,West Side Park,1,0,Jackson
37,500,152.4064171,-1,15390,8.916171301,7695,3.366,West Side Park,1,0,Jackson
37,600,161.0416667,-1,23190,9.12895887,11595,3.6,West Side Park,1,0,Jackson
38,1200,114.53125,-1,65970,26.197599,26388,7.2,Wolcott Park ,2,0.304636097,Jackson
38,1100,113.908429,-1,55380,22.11430861,22152,6.57,Wolcott Park ,2,0.304636097,Jackson
38,1500,102.4,-1,92160,35.58187519,36864,8.490566038,Wolcott Park ,2,0.304636097,Jackson
38,500,221.3309566,-1,22350,3.053874959,8940,2.805,Wolcott Park ,2,0.304636097,Jackson
38,1300,111.0665597,-1,74790,29.60516675,29916,7.74,Wolcott Park ,2,0.304636097,Jackson
38,1000,119.7798884,-1,47670,18.11799918,19068,6.524262295,Wolcott Park ,2,0.304636097,Jackson
38,700,160.6537157,-1,31260,8.988814137,12504,4.23,Wolcott Park ,2,0.304636097,Jackson
38,800,139.1800606,-1,35850,11.65889435,14340,5.1516,Wolcott Park ,2,0.304636097,Jackson
38,900,129.0740741,-1,41820,15.13221493,16728,6.230769231,Wolcott Park ,2,0.304636097,Jackson
38,600,188.3333333,-1,27120,6.691563897,10848,3.692307692,Wolcott Park ,2,0.304636097,Jackson
38,1400,105.0102951,-1,82620,35.06847043,33048,8.111134021,Wolcott Park ,2,0.304636097,Jackson
1,1000,198.7822084,-1,80310,14.88088223,32124,1.662592593,Allsopp South Park,4,0.378387007,Little Rock
1,1500,192.7,-1,173430,16.42943133,69372,2,Allsopp South Park,4,0.378387007,Little Rock
1,900,194.9074074,-1,63150,13.84729237,25260,1.714285714,Allsopp South Park,4,0.378387007,Little Rock
1,1400,193.5869272,-1,150690,16.35122868,60276,1.95580402,Allsopp South Park,4,0.378387007,Little Rock
1,800,195.5618844,-1,49440,NA,19776,1.743517241,Allsopp South Park,4,0.378387007,Little Rock
1,600,194.1666667,-1,27960,11.57363772,13980,1.694117647,Allsopp South Park,4,0.378387007,Little Rock
1,1300,195.1821024,-1,132960,18.68048274,53184,1.897520891,Allsopp South Park,4,0.378387007,Little Rock
1,700,190.8857703,-1,37950,NA,15180,1.807363636,Allsopp South Park,4,0.378387007,Little Rock
1,1200,198.4375,-1,114300,17.50975709,45720,1.772307692,Allsopp South Park,4,0.378387007,Little Rock
1,1100,199.5371239,-1,95700,15.34564774,38280,1.712892857,Allsopp South Park,4,0.378387007,Little Rock
1,500,218.5491276,-1,21420,7.712524509,10710,1.750178571,Allsopp South Park,4,0.378387007,Little Rock
2,800,52.68778925,-1,13320,NA,8880,13.30578947,Burns Park,7,1.46674656,Little Rock
2,600,45.41666667,-1,6540,NA,4360,13.09090909,Burns Park,7,1.46674656,Little Rock
2,500,37.95531068,-1,3720,NA,2480,12.25125,Burns Park,7,1.46674656,Little Rock
2,1000,56.58275785,-1,22860,NA,15240,14.42892857,Burns Park,7,1.46674656,Little Rock
2,1500,58.63333333,-1,52770,81.69662103,26385,11.68831169,Burns Park,7,1.46674656,Little Rock
2,900,55.92592593,-1,18120,NA,12080,13.5,Burns Park,7,1.46674656,Little Rock
2,1400,55.1894246,-1,42960,101.5546288,21480,14.15290909,Burns Park,7,1.46674656,Little Rock
2,1200,55.52083333,-1,31980,NA,21320,16.94117647,Burns Park,7,1.46674656,Little Rock
2,1300,54.87294667,-1,37380,90.12489875,18690,14.49382979,Burns Park,7,1.46674656,Little Rock
2,700,51.15436849,-1,10170,NA,6780,15.29307692,Burns Park,7,1.46674656,Little Rock
2,1100,56.42084193,-1,27060,104.9226317,18040,14.9878125,Burns Park,7,1.46674656,Little Rock
3,800,88.02011888,-1,23100,21.417404,9240,5.046923077,Clinton Presidential Center & Park,6,1.291432602,Little Rock
3,1400,115.7386449,-1,92040,28.06034691,36816,4.650526316,Clinton Presidential Center & Park,6,1.291432602,Little Rock
3,1200,105.15625,-1,60570,29.52015422,24228,4.5,Clinton Presidential Center & Park,6,1.291432602,Little Rock
3,600,95.625,-1,13770,15.37901073,6885,4,Clinton Presidential Center & Park,6,1.291432602,Little Rock
3,1100,96.23813002,-1,47430,31.69889798,18972,5.187789474,Clinton Presidential Center & Park,6,1.291432602,Little Rock
3,500,100.3460208,-1,10440,8.5658686,5220,3.587586207,Clinton Presidential Center & Park,6,1.291432602,Little Rock
3,1000,91.90388736,-1,36030,29.51349041,14412,4.506206897,Clinton Presidential Center & Park,6,1.291432602,Little Rock
3,1500,120.1,-1,108090,25.67743806,43236,4.615384615,Clinton Presidential Center & Park,6,1.291432602,Little Rock
3,900,90.09259259,-1,29190,25.48537384,11676,4.909090909,Clinton Presidential Center & Park,6,1.291432602,Little Rock
3,700,91.05229994,-1,17340,NA,6936,4.534285714,Clinton Presidential Center & Park,6,1.291432602,Little Rock
3,1300,110.5552551,-1,73590,27.76141023,29436,4.687605634,Clinton Presidential Center & Park,6,1.291432602,Little Rock
4,1400,59.78799664,-1,47040,38.81979921,23520,8.46,Conley Park,2,0.636514168,Little Rock
4,800,68.71651526,-1,17700,17.44832998,8850,5.480425532,Conley Park,2,0.636514168,Little Rock
4,900,65.37037037,-1,21180,22.49975075,10590,6.113207547,Conley Park,2,0.636514168,Little Rock
4,700,65.98828245,-1,12840,8.834727978,6420,5.722941176,Conley Park,2,0.636514168,Little Rock
4,1200,62.5,-1,36000,33.56390976,18000,7.890410959,Conley Park,2,0.636514168,Little Rock
4,600,70,-1,10080,7.65567406,5040,4.965517241,Conley Park,2,0.636514168,Little Rock
4,1500,59.16666667,-1,53250,40.64063369,26625,8.333333333,Conley Park,2,0.636514168,Little Rock
4,1100,66.08663458,-1,32130,27.43372497,16065,6.66,Conley Park,2,0.636514168,Little Rock
4,500,74.86631016,-1,7560,6.008511696,3780,4.2075,Conley Park,2,0.636514168,Little Rock
4,1000,66.33499171,-1,26400,23.88336083,13200,6.317142857,Conley Park,2,0.636514168,Little Rock
4,1300,60.54530874,-1,40770,35.09063275,20385,7.83,Conley Park,2,0.636514168,Little Rock
5,600,99.58333333,-1,14340,7.687699202,7170,3.428571429,Cooks Landing Park,7,1.472960978,Little Rock
5,900,85.92592593,-1,27840,12.72090764,13920,5.142857143,Cooks Landing Park,7,1.472960978,Little Rock
5,1400,64.99924551,-1,51690,27.41440234,25845,8.198350515,Cooks Landing Park,7,1.472960978,Little Rock
5,800,88.02011888,-1,23100,10.94697401,11550,5.046923077,Cooks Landing Park,7,1.472960978,Little Rock
5,1500,63,-1,56700,30.60666879,28350,8.823529412,Cooks Landing Park,7,1.472960978,Little Rock
5,1300,68.6857761,-1,45720,23.17999693,22860,7.235217391,Cooks Landing Park,7,1.472960978,Little Rock
5,700,96.88090737,-1,18450,9.277318493,9225,4.14,Cooks Landing Park,7,1.472960978,Little Rock
5,1200,72.55208333,-1,41790,20.27744519,20895,6.697674419,Cooks Landing Park,7,1.472960978,Little Rock
5,1000,83.10376492,-1,32580,15.06149242,16290,5.370410959,Cooks Landing Park,7,1.472960978,Little Rock
5,1100,76.88093499,-1,37890,18.19745432,18945,6.238481013,Cooks Landing Park,7,1.472960978,Little Rock
5,500,101.7877739,-1,10590,7.061578206,5295,3.25125,Cooks Landing Park,7,1.472960978,Little Rock
6,600,176.4583333,-1,25410,7.357803349,12705,2.440677966,David D. Terry - Dam Site East,6,1.381680613,Little Rock
6,1200,100.2604167,-1,57750,21.70214236,28875,5.333333333,David D. Terry - Dam Site East,6,1.381680613,Little Rock
6,1000,115.2446722,-1,46560,16.56517251,23280,4.643793103,David D. Terry - Dam Site East,6,1.381680613,Little Rock
6,1500,93.5,-1,84150,29.36471074,42075,5.454545455,David D. Terry - Dam Site East,6,1.381680613,Little Rock
6,900,128.0555556,-1,41490,13.62594662,20745,4,David D. Terry - Dam Site East,6,1.381680613,Little Rock
6,1400,95.73361082,-1,74520,24.98968995,37260,5.295306122,David D. Terry - Dam Site East,6,1.381680613,Little Rock
6,800,143.7047585,-1,36330,10.47550428,18165,3.326447368,David D. Terry - Dam Site East,6,1.381680613,Little Rock
6,1300,98.64799401,-1,67200,22.79751736,33600,5.083656716,David D. Terry - Dam Site East,6,1.381680613,Little Rock
6,700,154.6702882,-1,30750,8.915587298,15375,3.012272727,David D. Terry - Dam Site East,6,1.381680613,Little Rock
6,500,201.1019284,-1,19710,5.900481804,9855,1.884807692,David D. Terry - Dam Site East,6,1.381680613,Little Rock
6,1100,107.8376181,-1,51720,18.84883987,25860,5.102234043,David D. Terry - Dam Site East,6,1.381680613,Little Rock
7,800,79.54810156,-1,20490,18.08143974,10245,5.854090909,David D. Terry - Dam Site West Park,6,1.497866137,Little Rock
7,1200,58.07291667,-1,33450,36.87100166,16725,10.28571429,David D. Terry - Dam Site West Park,6,1.497866137,Little Rock
7,600,100,-1,14400,12.87490292,7200,4.235294118,David D. Terry - Dam Site West Park,6,1.497866137,Little Rock
7,700,89.11501696,-1,17340,15.29982309,8670,5.258918919,David D. Terry - Dam Site West Park,6,1.497866137,Little Rock
7,500,114.0819964,-1,11520,9.454673446,5760,3.257419355,David D. Terry - Dam Site West Park,6,1.497866137,Little Rock
7,1000,71.91316147,-1,28620,25.45100091,14310,7.653461538,David D. Terry - Dam Site West Park,6,1.497866137,Little Rock
7,1500,48.7,-1,43830,52.79138607,21915,13.43283582,David D. Terry - Dam Site West Park,6,1.497866137,Little Rock
7,900,75.64814815,-1,24510,21.57057281,12255,6.48,David D. Terry - Dam Site West Park,6,1.497866137,Little Rock
7,1400,50.59864257,-1,39810,46.68693431,19905,12.2934375,David D. Terry - Dam Site West Park,6,1.497866137,Little Rock
7,1300,54.35266863,-1,36600,39.41224055,18300,10.68857143,David D. Terry - Dam Site West Park,6,1.497866137,Little Rock
7,1100,63.98864618,-1,31110,31.36625131,15555,9.349615385,David D. Terry - Dam Site West Park,6,1.497866137,Little Rock
8,1400,229.6287913,-1,182610,10.96921645,73044,3.023726236,East End Park,5,1.293980542,Little Rock
8,800,202.2176497,-1,53070,13.37991299,26535,3.453157895,East End Park,5,1.293980542,Little Rock
8,700,198.6452426,-1,37830,15.19401186,18915,2.975625,East End Park,5,1.293980542,Little Rock
8,1200,223.6979167,-1,128850,9.268875395,51540,2.953846154,East End Park,5,1.293980542,Little Rock
8,600,192.5,-1,27720,13.6685109,13860,3,East End Park,5,1.293980542,Little Rock
8,1300,226.7892555,-1,150960,10.18651551,60384,3.154691943,East End Park,5,1.293980542,Little Rock
8,1100,219.1989287,-1,108030,9.89163946,43212,3.005121951,East End Park,5,1.293980542,Little Rock
8,500,190.0230681,-1,19770,11.24676891,9885,2.972571429,East End Park,5,1.293980542,Little Rock
8,1000,214.6464646,-1,84150,9.756880141,33660,3.187317073,East End Park,5,1.293980542,Little Rock
8,1500,230.1666667,-1,207150,11.29776666,82860,2.912621359,East End Park,5,1.293980542,Little Rock
8,900,208.7962963,-1,67650,11.73577721,33825,3.446808511,East End Park,5,1.293980542,Little Rock
9,1000,172.4957303,-1,69690,12.24747575,27876,2.6934,Emerald Park,9,1.840168627,Little Rock
9,1500,182.3,-1,164070,17.61549752,65628,2.639296188,Emerald Park,9,1.840168627,Little Rock
9,900,163.5185185,-1,52980,10.97705103,21192,2.972477064,Emerald Park,9,1.840168627,Little Rock
9,1400,184.5685436,-1,143670,16.55260321,57468,2.638677966,Emerald Park,9,1.840168627,Little Rock
9,800,155.0967129,-1,39210,8.975662478,15684,2.809,Emerald Park,9,1.840168627,Little Rock
9,600,131.875,-1,18990,NA,7596,3,Emerald Park,9,1.840168627,Little Rock
9,1300,182.7630246,-1,124500,15.94658757,49800,2.570603774,Emerald Park,9,1.840168627,Little Rock
9,700,140.0331975,-1,27840,7.947814437,11136,2.967313433,Emerald Park,9,1.840168627,Little Rock
9,1200,180.78125,-1,104130,15.99711357,41652,2.65437788,Emerald Park,9,1.840168627,Little Rock
9,1100,177.8945393,-1,85320,13.85664333,34128,2.694438202,Emerald Park,9,1.840168627,Little Rock
9,500,127.3339455,-1,12480,7.902218535,6240,2.882647059,Emerald Park,9,1.840168627,Little Rock
10,800,123.1755073,-1,31140,NA,12456,4.358793103,Knoop Park,6,1.318314975,Little Rock
10,600,126.4583333,-1,18210,NA,7284,4.363636364,Knoop Park,6,1.318314975,Little Rock
10,500,136.2105908,-1,13350,NA,5340,3.769615385,Knoop Park,6,1.318314975,Little Rock
10,1000,124.0810871,-1,50130,NA,20052,4.391413043,Knoop Park,6,1.318314975,Little Rock
10,1500,142.5,-1,128250,23.34181022,51300,4.663212435,Knoop Park,6,1.318314975,Little Rock
10,900,126.6666667,-1,41040,NA,16416,4.101265823,Knoop Park,6,1.318314975,Little Rock
10,1400,137.3183798,-1,106890,24.04975404,42756,5.05461039,Knoop Park,6,1.318314975,Little Rock
10,1200,128.3333333,-1,73920,26.93241826,29568,5.236363636,Knoop Park,6,1.318314975,Little Rock
10,1300,133.2628705,-1,90780,25.36572019,36312,5.321953125,Knoop Park,6,1.318314975,Little Rock
10,700,121.0200694,-1,24060,NA,9624,4.97025,Knoop Park,6,1.318314975,Little Rock
10,1100,123.3502221,-1,59160,NA,23664,4.9959375,Knoop Park,6,1.318314975,Little Rock
11,800,204.8468221,-1,53760,8.630720561,21504,2.243076923,Maumelle Park,7,0.760379092,Little Rock
11,1400,200.0905387,-1,159120,12.98995333,63648,2.714129693,Maumelle Park,7,0.760379092,Little Rock
11,1200,196.1458333,-1,112980,12.85591767,45192,2.642201835,Maumelle Park,7,0.760379092,Little Rock
11,600,207.2916667,-1,29850,5.423939735,11940,1.756097561,Maumelle Park,7,0.760379092,Little Rock
11,1100,198.806915,-1,97980,12.65720616,39192,2.635508021,Maumelle Park,7,0.760379092,Little Rock
11,500,188.0046136,-1,19560,5.527494057,7824,1.763389831,Maumelle Park,7,0.760379092,Little Rock
11,1000,202.0967248,-1,79230,11.79644981,31692,2.562352941,Maumelle Park,7,0.760379092,Little Rock
11,1500,200.9,-1,180810,13.43939196,72324,2.694610778,Maumelle Park,7,0.760379092,Little Rock
11,900,203.5185185,-1,65940,10.24253439,26376,2.234482759,Maumelle Park,7,0.760379092,Little Rock
11,700,209.042218,-1,39810,6.987494436,15924,2.116,Maumelle Park,7,0.760379092,Little Rock
11,1300,197.5392104,-1,131490,12.50661432,52596,2.610352941,Maumelle Park,7,0.760379092,Little Rock
12,1400,151.539677,-1,117960,27.42277529,47184,4.661137725,Murray Park,6,0.856789385,Little Rock
12,800,144.2980895,-1,36480,17.52881313,14592,3.889384615,Murray Park,6,0.856789385,Little Rock
12,900,147.2222222,-1,47700,17.08573708,19080,3.724137931,Murray Park,6,0.856789385,Little Rock
12,700,143.0511544,-1,28440,12.94422256,11376,3.614727273,Murray Park,6,0.856789385,Little Rock
12,1200,149.4270833,-1,86070,25.63212645,34428,4.330827068,Murray Park,6,0.856789385,Little Rock
12,600,136.875,-1,19710,11.89463869,7884,3.063829787,Murray Park,6,0.856789385,Little Rock
12,1500,149.1,-1,134190,29.66171381,53676,4.918032787,Murray Park,6,0.856789385,Little Rock
12,1100,150.0594233,-1,71970,24.77448801,28788,4.611634615,Murray Park,6,0.856789385,Little Rock
12,500,143.8628711,-1,14100,8.573049397,5640,2.648918919,Murray Park,6,0.856789385,Little Rock
12,1000,152.2239549,-1,61500,20.27810045,24600,4.12255102,Murray Park,6,0.856789385,Little Rock
12,1300,151.0547408,-1,102900,26.86934801,41160,4.763706294,Murray Park,6,0.856789385,Little Rock
13,600,190.4166667,-1,27420,6.018818932,10968,1.6,Ott Offroad Park,3,1.054920168,Little Rock
13,900,170.9259259,-1,55380,12.28372121,22152,2.25,Ott Offroad Park,3,1.054920168,Little Rock
13,1400,167.2640382,-1,130200,19.15115482,52080,2.830581818,Ott Offroad Park,3,1.054920168,Little Rock
13,800,180.7286104,-1,45690,8.87045532,18276,1.944692308,Ott Offroad Park,3,1.054920168,Little Rock
13,1500,168.8,-1,151920,19.91386351,60768,3.06122449,Ott Offroad Park,3,1.054920168,Little Rock
13,1300,163.6499758,-1,111480,19.39529378,44592,2.814917355,Ott Offroad Park,3,1.054920168,Little Rock
13,700,185.0007545,-1,36780,7.275372458,14712,1.807363636,Ott Offroad Park,3,1.054920168,Little Rock
13,1200,159.1145833,-1,91650,18.93643193,36660,2.742857143,Ott Offroad Park,3,1.054920168,Little Rock
13,1000,167.2235836,-1,67560,15.20232773,27024,2.557025316,Ott Offroad Park,3,1.054920168,Little Rock
13,1100,160.8807156,-1,77160,16.59646337,30864,2.578548387,Ott Offroad Park,3,1.054920168,Little Rock
13,500,204.1628405,-1,20010,4.580375936,8004,1.462835821,Ott Offroad Park,3,1.054920168,Little Rock
14,600,145.4166667,-1,20940,NA,8376,3.692307692,Park on the River,6,1.546020721,Little Rock
14,1200,142.3958333,-1,82020,NA,32808,4.881355932,Park on the River,6,1.546020721,Little Rock
14,1000,144.7811448,-1,56760,NA,22704,4.455,Park on the River,6,1.546020721,Little Rock
14,1500,146.8,-1,132120,13.14971277,52848,5.357142857,Park on the River,6,1.546020721,Little Rock
14,900,145.2777778,-1,47070,NA,18828,4.438356164,Park on the River,6,1.546020721,Little Rock
14,1400,146.8236004,-1,116760,12.27740406,46704,5.097692308,Park on the River,6,1.546020721,Little Rock
14,800,150.434385,-1,39480,NA,15792,4.374,Park on the River,6,1.546020721,Little Rock
14,1300,143.996755,-1,95850,11.99077523,38340,5.042727273,Park on the River,6,1.546020721,Little Rock
14,700,159.7353497,-1,30420,NA,12168,3.886530612,Park on the River,6,1.546020721,Little Rock
14,500,132.6412918,-1,13800,NA,5520,3.587586207,Park on the River,6,1.546020721,Little Rock
14,1100,144.3267592,-1,71130,NA,28452,4.693714286,Park on the River,6,1.546020721,Little Rock
15,800,159.6060282,-1,40350,15.53179237,16140,1.858897059,Pinnacle Mountain State Park,8,1.237652918,Little Rock
15,1200,180.4166667,-1,103920,15.58724203,41568,1.852090032,Pinnacle Mountain State Park,8,1.237652918,Little Rock
15,600,140.2083333,-1,20190,11.75528989,8076,2.086956522,Pinnacle Mountain State Park,8,1.237652918,Little Rock
15,700,153.1613098,-1,30450,14.20814813,12180,1.930194175,Pinnacle Mountain State Park,8,1.237652918,Little Rock
15,500,131.0070401,-1,12840,5.728774901,5136,2.000204082,Pinnacle Mountain State Park,8,1.237652918,Little Rock
15,1000,166.6295389,-1,67320,17.11881165,26928,1.914739336,Pinnacle Mountain State Park,8,1.237652918,Little Rock
15,1500,189.8666667,-1,170880,18.74613137,68352,1.952277657,Pinnacle Mountain State Park,8,1.237652918,Little Rock
15,900,164.4444444,-1,53280,15.2532018,21312,1.894736842,Pinnacle Mountain State Park,8,1.237652918,Little Rock
15,1400,187.6517516,-1,146070,17.18097084,58428,1.903202934,Pinnacle Mountain State Park,8,1.237652918,Little Rock
15,1300,184.3484388,-1,125580,17.78510262,50232,1.897520891,Pinnacle Mountain State Park,8,1.237652918,Little Rock
15,1100,171.8271095,-1,82410,15.30120078,32964,1.830572519,Pinnacle Mountain State Park,8,1.237652918,Little Rock
16,1400,55.59368566,-1,43740,NA,17496,11.4026087,Rebsamen Park & Golf Course,8,1.181220484,Little Rock
16,800,20.38201724,-1,5250,NA,2625,36.79714286,Rebsamen Park & Golf Course,8,1.181220484,Little Rock
16,700,18.96392229,-1,3690,NA,2460,32.43,Rebsamen Park & Golf Course,8,1.181220484,Little Rock
16,1200,48.69791667,-1,28050,58.79040694,14025,13.09090909,Rebsamen Park & Golf Course,8,1.181220484,Little Rock
16,600,18.33333333,-1,2640,NA,1760,28.8,Rebsamen Park & Golf Course,8,1.181220484,Little Rock
16,1300,51.41227836,-1,34620,59.41458606,17310,13.20352941,Rebsamen Park & Golf Course,8,1.181220484,Little Rock
16,1100,42.82364556,-1,20820,45.09815793,10410,13.89085714,Rebsamen Park & Golf Course,8,1.181220484,Little Rock
16,500,16.33986928,-1,1650,NA,1650,25.245,Rebsamen Park & Golf Course,8,1.181220484,Little Rock
16,1000,34.59972863,-1,13770,38.97832608,6885,15.30692308,Rebsamen Park & Golf Course,8,1.181220484,Little Rock
16,1500,60.76666667,-1,54690,NA,21876,10.58823529,Rebsamen Park & Golf Course,8,1.181220484,Little Rock
16,900,26.11111111,-1,8460,41.62065422,4230,24.92307692,Rebsamen Park & Golf Course,8,1.181220484,Little Rock
17,1000,150.1447984,-1,60660,NA,24264,4.080909091,Richland Park,2,0.693147181,Little Rock
17,1500,136.7,-1,123030,NA,49212,4.838709677,Richland Park,2,0.693147181,Little Rock
17,900,154.6296296,-1,50100,NA,20040,3.640449438,Richland Park,2,0.693147181,Little Rock
17,1400,135.3528346,-1,105360,NA,42144,5.05461039,Richland Park,2,0.693147181,Little Rock
17,800,158.4193663,-1,40050,NA,16020,3.326447368,Richland Park,2,0.693147181,Little Rock
17,600,164.5833333,-1,23700,NA,9480,2.526315789,Richland Park,2,0.693147181,Little Rock
17,1300,132.5142027,-1,90270,NA,36108,4.972335766,Richland Park,2,0.693147181,Little Rock
17,700,162.3660782,-1,32280,NA,12912,3.012272727,Richland Park,2,0.693147181,Little Rock
17,1200,136.1979167,-1,78450,NA,31380,4.760330579,Richland Park,2,0.693147181,Little Rock
17,1100,144.8051542,-1,69450,NA,27780,4.567714286,Richland Park,2,0.693147181,Little Rock
17,500,167.4318947,-1,16410,NA,6564,2.279302326,Richland Park,2,0.693147181,Little Rock
18,800,84.01566394,-1,21240,NA,10620,5.745681818,River Front West & East Park,3,0.566085739,Little Rock
18,600,96.04166667,-1,13830,NA,6915,6,River Front West & East Park,3,0.566085739,Little Rock
18,500,97.33700643,-1,9540,NA,4770,5.445,River Front West & East Park,3,0.566085739,Little Rock
18,1000,73.95856538,-1,29880,53.06725663,14940,6.847627119,River Front West & East Park,3,0.566085739,Little Rock
18,1500,71.96666667,-1,64770,NA,25908,5.960264901,River Front West & East Park,3,0.566085739,Little Rock
18,900,79.16666667,-1,25650,37.22194379,12825,6.230769231,River Front West & East Park,3,0.566085739,Little Rock
18,1400,69.06386095,-1,53760,45.85439626,21504,6.828157895,River Front West & East Park,3,0.566085739,Little Rock
18,1200,72.44791667,-1,41730,44.52731349,20865,6.776470588,River Front West & East Park,3,0.566085739,Little Rock
18,1300,69.09763509,-1,47070,60.59930476,23535,7.246914894,River Front West & East Park,3,0.566085739,Little Rock
18,700,93.85845782,-1,18660,NA,9330,5.5225,River Front West & East Park,3,0.566085739,Little Rock
18,1100,71.24538688,-1,34170,44.79329276,17085,6.851571429,River Front West & East Park,3,0.566085739,Little Rock
19,800,176.3335663,-1,45420,11.08113764,18168,4.441034483,Rose City Park,2,0.636514168,Little Rock
19,1400,175.5128498,-1,138090,18.11706958,55236,3.609082569,Rose City Park,2,0.636514168,Little Rock
19,1200,169.1145833,-1,97410,15.47484464,38964,3.814569536,Rose City Park,2,0.636514168,Little Rock
19,600,215.8333333,-1,31080,6.062880666,12432,3.130434783,Rose City Park,2,0.636514168,Little Rock
19,1100,168.7029495,-1,82020,15.60833352,32808,4.302477876,Rose City Park,2,0.636514168,Little Rock
19,500,231.7290553,-1,23400,5.043228448,9360,2.462926829,Rose City Park,2,0.636514168,Little Rock
19,1000,169.3049902,-1,67380,14.10668378,26952,4.682117647,Rose City Park,2,0.636514168,Little Rock
19,1500,179.8666667,-1,161880,18.16811367,64752,3.501945525,Rose City Park,2,0.636514168,Little Rock
19,900,170.1851852,-1,55140,12.42532461,22056,4.263157895,Rose City Park,2,0.636514168,Little Rock
19,700,196.4230651,-1,38220,8.672419465,15288,3.8916,Rose City Park,2,0.636514168,Little Rock
19,1300,170.4980843,-1,114810,17.72922032,45924,3.892369942,Rose City Park,2,0.636514168,Little Rock
20,1400,71.57019751,-1,56310,23.37081029,22524,8.281894737,Sherman Park,5,1.47013192,Little Rock
20,800,77.80107151,-1,20040,14.53411426,8016,5.854090909,Sherman Park,5,1.47013192,Little Rock
20,900,79.16666667,-1,25650,15.20295392,10260,6,Sherman Park,5,1.47013192,Little Rock
20,700,75.23897626,-1,14640,12.31090705,5856,5.120526316,Sherman Park,5,1.47013192,Little Rock
20,1200,76.61458333,-1,44130,20.05622985,17652,7.384615385,Sherman Park,5,1.47013192,Little Rock
20,600,68.125,-1,9810,11.02097427,3924,4.8,Sherman Park,5,1.47013192,Little Rock
20,1500,71.23333333,-1,64110,27.26730889,25644,9,Sherman Park,5,1.47013192,Little Rock
20,1100,80.58743675,-1,39180,16.46422019,15672,6.4824,Sherman Park,5,1.47013192,Little Rock
20,500,54.07011289,-1,5460,9.490300468,2184,4.808571429,Sherman Park,5,1.47013192,Little Rock
20,1000,80.65731946,-1,32100,16.33781548,12840,6.2184375,Sherman Park,5,1.47013192,Little Rock
20,1300,73.77706496,-1,49680,21.71916993,19872,7.74,Sherman Park,5,1.47013192,Little Rock
21,600,125.4166667,-1,18060,14.00928908,12040,3.512195122,Terry Mansion Park,2,0.482577565,Little Rock
21,900,160.6481481,-1,52050,11.51750143,26025,3.410526316,Terry Mansion Park,2,0.482577565,Little Rock
21,1400,142.7209639,-1,112290,24.09523922,56145,5.960454545,Terry Mansion Park,2,0.482577565,Little Rock
21,800,154.553925,-1,39810,12.21980988,19905,3.627887324,Terry Mansion Park,2,0.482577565,Little Rock
21,1500,137.4666667,-1,123720,26.74368822,61860,6.25,Terry Mansion Park,2,0.482577565,Little Rock
21,1300,147.0640649,-1,99030,21.0657111,49515,5.38704,Terry Mansion Park,2,0.482577565,Little Rock
21,700,143.6941104,-1,27960,10.94559212,13980,3.474642857,Terry Mansion Park,2,0.482577565,Little Rock
21,1200,152.0833333,-1,87600,17.78696688,43800,4.682926829,Terry Mansion Park,2,0.482577565,Little Rock
21,1000,161.766923,-1,64380,13.61078181,32190,4.02,Terry Mansion Park,2,0.482577565,Little Rock
21,1100,158.2130075,-1,76920,15.94848952,38460,4.419818182,Terry Mansion Park,2,0.482577565,Little Rock
21,500,104.8722519,-1,10590,11.90743924,7060,3.155625,Terry Mansion Park,2,0.482577565,Little Rock
22,600,195.8333333,-1,28200,5.937269717,18800,2.88,Two Rivers Country Side,8,1.891616382,Little Rock
22,1200,176.09375,-1,101430,13.99616227,40572,3.972413793,Two Rivers Country Side,8,1.891616382,Little Rock
22,1000,185.7132249,-1,75030,10.77668219,30012,3.811415094,Two Rivers Country Side,8,1.891616382,Little Rock
22,1500,166.9333333,-1,150240,18.13727864,60096,3.658536585,Two Rivers Country Side,8,1.891616382,Little Rock
22,900,191.5740741,-1,62070,11.10586605,31035,4.05,Two Rivers Country Side,8,1.891616382,Little Rock
22,1400,170.3472463,-1,132600,16.35716523,53040,3.689146919,Two Rivers Country Side,8,1.891616382,Little Rock
22,800,201.2578616,-1,50880,NA,25440,3.773283582,Two Rivers Country Side,8,1.891616382,Little Rock
22,1300,172.5899502,-1,117570,15.05528241,47028,3.642834225,Two Rivers Country Side,8,1.891616382,Little Rock
22,700,194.054625,-1,38580,8.682665259,25720,4.057346939,Two Rivers Country Side,8,1.891616382,Little Rock
22,500,192.8374656,-1,18900,NA,12600,2.45025,Two Rivers Country Side,8,1.891616382,Little Rock
22,1100,183.7743166,-1,88140,11.99118719,35256,3.899268293,Two Rivers Country Side,8,1.891616382,Little Rock
23,800,166.9633321,-1,42210,9.298243075,21105,3.560704225,Two Rivers Park,6,1.470106531,Little Rock
23,1200,158.2291667,-1,91140,14.7509953,36456,4,Two Rivers Park,6,1.470106531,Little Rock
23,600,175.625,-1,25290,6.985947317,12645,3.348837209,Two Rivers Park,6,1.470106531,Little Rock
23,700,173.6834163,-1,34530,7.515598963,17265,3.259180328,Two Rivers Park,6,1.470106531,Little Rock
23,500,191.0009183,-1,18720,5.043636756,9360,2.648918919,Two Rivers Park,6,1.470106531,Little Rock
23,1000,169.0799733,-1,68310,9.974572839,27324,3.706513761,Two Rivers Park,6,1.470106531,Little Rock
23,1500,153.5666667,-1,138210,17.26932926,55284,4.390243902,Two Rivers Park,6,1.470106531,Little Rock
23,900,171.0185185,-1,55410,NA,22164,3.483870968,Two Rivers Park,6,1.470106531,Little Rock
23,1400,158.2456546,-1,123180,15.15670712,49272,3.971479592,Two Rivers Park,6,1.470106531,Little Rock
23,1300,159.7304796,-1,108810,15.03892193,43524,3.870511364,Two Rivers Park,6,1.470106531,Little Rock
23,1100,163.9457059,-1,78630,13.05272109,31452,4.064491525,Two Rivers Park,6,1.470106531,Little Rock
24,1400,88.69061237,-1,69780,33.80315726,27912,7.088108108,Willow Beach Use Area,6,1.513092916,Little Rock
24,800,66.85301654,-1,17220,NA,6888,6.604615385,Willow Beach Use Area,6,1.513092916,Little Rock
24,700,49.33703361,-1,9600,33.05423272,6400,8.844545455,Willow Beach Use Area,6,1.513092916,Little Rock
24,1200,89.58333333,-1,51600,NA,20640,6.776470588,Willow Beach Use Area,6,1.513092916,Little Rock
24,600,48.95833333,-1,7050,26.35999167,4700,8,Willow Beach Use Area,6,1.513092916,Little Rock
24,1300,88.25625947,-1,59430,32.27719988,23772,7.163617021,Willow Beach Use Area,6,1.513092916,Little Rock
24,1100,85.40046896,-1,41520,27.41764252,16608,6.397105263,Willow Beach Use Area,6,1.513092916,Little Rock
24,500,48.72251931,-1,4920,20.10925912,3280,6.732,Willow Beach Use Area,6,1.513092916,Little Rock
24,1000,81.03422283,-1,32250,NA,12900,6.524262295,Willow Beach Use Area,6,1.513092916,Little Rock
24,1500,89.9,-1,80910,32.66930558,32364,6.71641791,Willow Beach Use Area,6,1.513092916,Little Rock
24,900,76.38888889,-1,24750,NA,9900,6,Willow Beach Use Area,6,1.513092916,Little Rock